,Kichwa,Spanish
0,abya yala,continente americano
1,abyalami chawchuri rikurimanta,racismo en américa
2,accidentes geograficos,allpapi tiyashkakuna
3,acequia,wayku
4,"achachilasa, ñawpa kawsakkuna kitsil",antepasados
5,achik,"claro, luz"
6,achik mama,madrina
7,achik wawa,"ahijado, ahijada"
8,achik yaya / achik tayta,padrino
9,achiksamaytu,ozono
10,achikshumaytu,ozono
11,achikyachina (yuyaymanta),aclarar
12,achikyana (punchamanta),aclarar
13,achka,mucho
14,achkak,suficiente
15,ahak,ofensor
16,ahay,"ofender, ofensa"
17,akapi,cebada
18,akcha,"pelo, cabello"
19,akcha kara,cuero cabelludo
20,akllashka chani,muestra estadística
21,akllawarmi,virgen
22,akllay,escoger
23,akna,ceremonia
24,akna,ceremonia
25,akukutinchik,múltiplo del gramo
26,akuna,masticar
27,akuy,vil
28,alakay,alcanzar
29,alapana,"pegar, adherir"
30,alaparina,"apegarse, aferrarse"
31,allana,excavar
32,allawka,derecha (mano
33,"allawka, alliman",derecho
34,alli,"bien, bueno"
35,alli maki,mano derecha
36,allichi,adorno
37,allichina,arreglar
38,allichiy,arreglar
39,allikachina,gustar
40,allikay,"salud, bneficio"
41,allikillkay,ortografía.
42,allikillkay (w),ortografía
43,allimanta,"despacio, de buena manera"
44,allimikuy,nutrición
45,allin,magnifico
46,alliyana,"sanar, curar"
47,alliyay,recuperar la salud
48,allku,perro
49,allpa,"tierra, suelo"
50,allpa kara,corteza terrestre
51,allpa khiwa,hierba rastrera
52,allpachawpipacha muyuy,línea ecuatorial
53,allpachinkari,erosión
54,allpachinkariy,erosión
55,allpachukchuy,temblor
56,allpakamay saywachi,geografía política
57,allpakutik,movimiento de nutación
58,allpamama chaska,planeta tierra
59,allpamamakamay,geografía
60,allpamamapi rikuchi,ubicación geográfica
61,allpampay,superficie de la tierra
62,allpamuyuy,movimiento de traslación
63,allpanpa,superficial
64,allpapacha,continente
65,allpapachakak,natural
66,allpapachapampa,superficie de la tierra
67,allpapachapi tiyak chalwakuna,recursos ictiológicos
68,allpapachapi tiyak chukikuna,recursos mineros
69,allpapachapi tiyak yakukuna,recursos hidrográfico
70,allpapachapi tiyak yurakuna,recursos forestales
71,allpapachapi tiyakuna,recursos naturales
72,allpapiruruy,movimiento de rotación
73,allparantikillka,escritura
74,allpashuyu,mapa
75,allpashuyukamay,cartografía
76,allpawaklliyay,erosión
77,allpawira,petróleo
78,"allpawira, wisisi",petróleo
79,allpawku,subterráneo
80,allpañan,vía terrestre
81,allpañutuchina,desterronar
82,almut,almud (25 lib
83,ama llulla,honestidad
84,amapuna,traer
85,amaru,serpiente
86,amawta,científico
87,amawta yachay,contenido científico
88,amawtay,ciencia
89,amañana,adaptar
90,"amañana, yacharina",adaptar
91,amañarina,adaptarse
92,amañariy,adaptación
93,amita,sopa
94,ampana,bostezar
95,amsa,opaco
96,amsayana,ocultar el sol
97,amukay,suavidad
98,amulliy,poner algo en la boca
99,ana,lunar
100,anaku,falda
101,"anchachilasa, ñawpa kawsakkuna",antepasados
102,anchakuyay,pasión de vehemencia amorosa
103,anchallpa,globo terráqueo
104,anchallpakamay,geopolítica
105,anchayupay,importancia
106,anchuchina,"quitar, sustraer"
107,anchuchiy,quitar
108,anchuna,"irse de casa, moverse de sitio"
109,anchuriy,retirarse
110,anchuy,retirada
111,anka,gallinazo
112,ankana,volar
113,ankas,azul
114,ankas tapa wara,blue jean
115,ankay,ceremonial
116,ankichik,radio emisor
117,ankiyachik,radio receptor
118,anku,"vena, arteria"
119,ankuyana,marchitarse envecer
120,anta,metal
121,antaki,plomo
122,antakullki,monedas
123,antanikik,computadora
124,antanikik chaski,correo electrónico
125,antapachachik,reloj mecánico
126,antawa,"coche, carro"
127,antayari,radio
128,antayay,metalúrgico
129,antisuyu,región amazónica
130,apana,llevar
131,apanakuy,llevarse - relacionarse
132,apankara,cáncer(enfermedad
133,apankura,cáncer (signo
134,aparikanta,medios de transporte
135,aparina,cargar
136,apariykancha,medios de transporte
137,apay,"guiar, conducir"
138,api,"colada, mazamorra"
139,apuk,ancestros
140,apuk,líder-autoridad
141,apukkuna,autoridades
142,apukkuna tantaripacha,período de integración
143,apukkuna tantatripacha,período de integración
144,apuktukushka,emperador
145,apunchik,dios
146,apunchikamay,religión
147,apunchikwasi,iglesia
148,apuskachak,soberbio
149,apyayala,continente americano
150,apyayalapi chawchuri rikurimanta,racismo en américa
151,apyu,caballo
152,arawik,poeta
153,arena,thiyu / illul
154,arina,estrenar
155,arinichina,convencer
156,arinina,"acceder, consentir"
157,arininakuy,"acuerdo, tratado"
158,arininakuy,"acuerdos, tratados"
159,arma,ayñi
160,armana,bañar
161,ashanka,canasto
162,ashankayrumpa,básquet
163,ashnana,oler
164,ashtarina,"mobilizarse, transportarse, moverse."
165,asichik,hazmereír
166,asichisiki,chistoso
167,asina,reír
168,asinayay,"chistoso, que causa risa"
169,asipayak,burlón
170,aspi,guión
171,aspina,"rascar, subrayar,"
172,atallpa,gallina
173,atam,"parásito,"
174,ataw,jóvez.
175,atawchay,fortuna
176,atawchayuk,afortunado
177,atina,vencer
178,atipay,conquista
179,atiy,poder
180,atsiyana,estornudar
181,atuk,lobo
182,atukamay,industria
183,atukay,industria
184,atukayashka pukuy,producción industrial
185,atyak,babosa
186,awaki,lunes
187,awaki puncha,lunes
188,awana,tejer
189,awayllamkay,obraje
190,awika,variedad
191,awka,"militar, soldado"
192,awkakancha,ejército
193,awkarik puncha,martes
194,awkaruna,pagano
195,awkawasi,cuartel
196,awki,"principe, noble"
197,aya uma,"personaje mitologico que lidera el inti raymi, materializacion de las energias de la pacha mama"
198,aycha,carne
199,aycha / ukku,"carne, cuerpo"
200,ayllu,familia
201,ayllu chariy,poseer familia
202,ayllu shuti,apellidos (antroponimio
203,ayllullanikipushak,monarquía
204,ayllumallki,arbol genealógico
205,ayllunikiyashka,grados de afinidad
206,aymuray,mayo
207,aymuray killa,mayo
208,aynikuy,participación
209,aynina,convivir
210,ayninakuy,participativa
211,ayriwa,abril
212,ayriwa killa,abril
213,aysana,"halar, cosechar"
214,aysana,arrastrar
215,ayñi,arma
216,añaki,bacteria
217,añanku,hormiga
218,añas,zorro
219,añaw,virus
220,chachina,masticar
221,chakana,cruzar
222,"chakariy, mushukyay",cruzamiento
223,chakata tullu,clavícula
224,chakcha,alabanza
225,chaki,pie
226,chaki ruka,dedo del pie
227,chaki sillu,uña del dedo del pie
228,chaki uku,planta del pie
229,chaki washa,talon
230,chakichina,secar
231,chakina,secar
232,chakishka,seco
233,chakishkapacha,sequía
234,chakllamanyachi,paralelogramo
235,chaklli,quìmico
236,chakllisinchi,química
237,chakra,sementera
238,chakrakamay,"agricultura, agrícola"
239,"chakrakamay, allpa llankay",agricultura
240,chakrana,cultivar
241,chakrawiwakamay,agropecuaria
242,chakru,mixto o combinado
243,chakruy,composición
244,challay,rito
245,"challay, wilkay, hawkay",rito
246,challwa,pez
247,challwa kapina,pescar
248,challwakamay,"pesca, pesquera, ictiología"
249,chani,valor
250,chani – kuska,lugar turístico
251,chanichina,valorar
252,chanikuna,datos
253,chanina,valorar
254,chaniyay,valencia
255,chaniyuk,"caro, de valor en dinero"
256,chanka,pierna
257,chantasu,llama
258,chapak,policía
259,chapak kamaypaktachi,intendencia de policía
260,chapak kamaypaktachi puhak,comando provincia de policía
261,chapak kamaypaktachi puhask,comando provincia de policía
262,chapana,vigilar
263,chapuna,mezclar
264,chapuri,composición
265,chapuriy,combinación
266,charik,rico
267,charikyana,"enriquecer, ganar dinero, acumular(se"
268,charina,tener
269,charinayay,tesoro
270,charirashka rumpa,balón sostenido
271,charirashka yasiy,balón sostenido
272,charishkata killkakamachiy,registro de la propiedad
273,chashnalla,solamente asi o de esa manera.
274,chaska puncha,viernes
275,chaska rikuchik,telescopio
276,chaskakancha,constelación
277,chaskancha,constelación
278,chaski shuyulli,sello postal / timbre postal
279,chaskichik,recibo
280,chaskik,relevo
281,chaskilli,buzón de correo / casillero de correo
282,chaskina,recibir
283,chaskinancha,codominio
284,chawa,crudo
285,chawar,"cabuya, penco"
286,chawcha,"delicado, fecundo, rápido de madurar"
287,chawchuy,origen
288,chawpi,medio-mitad
289,chawpi kawsaypacha makanakuy,guerra medieval
290,chawpi pukcha,medio quintal
291,chawpi puncha,medio día
292,chawpi tuta,media noche
293,chawpi wata,medio año
294,chawpi yachay,segundo nivel de educación media
295,chawpihanika,media fanega 120 lb
296,chawpikakuna,medios
297,chawpikuska,semirrecta
298,chawpikutirik,media geométrica
299,chawpina / rakina,partir
300,chawpipampa,semiplano
301,chawpisuyu,región central
302,chawpiyak,media aritmética
303,chawpiyak chanikuna,medidas de tendencia central
304,chawpiyamuk,mediana
305,chawra,combustible
306,chayana,llegar
307,chayllatak,sinónimo
308,chayman,directo
309,chayniyak,distancia
310,chaypikana,asistir
311,chayra,aun
312,chayrak,todavia
313,chayrak ama,todavia no
314,chayshinaya,copia
315,chayshuk,"otro, otra (siguiente"
316,chayshuk kawsay,otra vida
317,chaysinaya,copia
318,chaytalla,solamente
319,chaytu,fantasma
320,chichuna,fecundar
321,chika,tamaño/ verdad
322,chikan,diferente/ raro/ estraño
323,chikanchik iñu,punto aparte.
324,chikanchik iñu(w),punto aparte
325,chikanrakikyuk pakiyupaykuna,fracciones heterogéneas
326,chikanyana,diferenciar
327,chikanyay,diferente o distinto
328,chikchichak,coqueto/a
329,chikchichay,"coquetear, coqueteo"
330,chiknina,odiar
331,"chikta, shara","partido, resquebrajado"
332,chiktana,"partir, rajar la madera"
333,chilina,naranja
334,chillay,miércoles
335,chillay puncha,miércoles
336,chillka,chilca
337,chimay,descubrir una adivinanza
338,chimiyana,"surgir, emerger, germinar"
339,chimlasay,bióxido de carbono
340,chimpamanyaypurachi,seno
341,chimpamanyaypurachimuy,cosecante
342,chimpamanyaypuramunchi,cosecante
343,chimpamanyaypuranchi,seno
344,chimpana,cruzar
345,chimpanakuy,antónimo
346,chimpapurachi,relación
347,chimpapuranakuna,debatir
348,chimpapuranakuy,debate
349,chimpapuraychiy,comparación o relacionamiento
350,chimpaykuchukuna,ángulo opuesto por el vértice
351,chinaku,"homosexual, gay"
352,chinawakra,"hembra, femenino para animales"
353,chinchaysuyu,norte
354,chiniku,minuto
355,chinilla,segundo
356,chinkana,"perderse, desaparecer"
357,chinkay,perder
358,chinlli,desayuno
359,chiri,frío
360,chirikunuy,clima
361,chirimuya,chirimoya
362,chirina,hacer frio
363,chiriwrku,paramo
364,chishi,tarde
365,chita,"chivo, cabra"
366,chiwila,piña
367,chucha,rapoza
368,chuchi,pollo
369,chuchu,seno
370,"chuhama, churipakchuri",nieto
371,chukchina,recoger la sobra
372,chukchu unkuy,paludismo
373,chukchuk,tembloroso
374,chukchuna,temblar
375,chuki,mineral
376,chukikamay,"minera, minería"
377,chukillankay,mitas
378,chukllu,choclo
379,chukri,herida
380,chukrichiy,herir
381,chukrina,lastimarse
382,chukrishka,herido/a
383,chukriy,herir
384,chukriyku,ulcera
385,chuku,"casco, celada"
386,chukuri,comadreja
387,chullachishka kutinkutinchikyuk puchu,diferencia de exponentes impares
388,chullachishka yupay,número impar
389,chullashka kimsamanyachi,triángulo escaleno
390,chullayashka yupay,número impar
391,chullpi,chulpi
392,chumpi,faja
393,chumpiku,cinta
394,chunka,"diez, 10"
395,chunka shuk,"once, 11"
396,chunkachik hillay,material decimal
397,chunkachishka yupaychikakunata,representación polinómica del
398,chunkakri,décimo
399,chunkalli,decimal
400,chunkana,juego de azar
401,chunkayllichik,sistema decimal
402,chuntapalashka,embrujado
403,chupu,tumor
404,churana,"ropa, ponerse la ropa, llevar puesto"
405,churanakuna,vestimenta
406,churi,hijo
407,churu,caracol
408,chushak,vacío
409,chushik,lechuza
410,chusku,"cuatro, 4"
411,chusku chunka,"cuarenta, 40"
412,chusku patsak,"cuatrocientos, 400"
413,chuskuchishka pampa,plano bidimensional (cartesiano
414,chuskumanyachi,cuadrilátero
415,chuspi,mosca
416,chutana,halar
417,chutarik,elasticidad
418,chutarina,"estirarse, ponerse en el suelo"
419,chuya,aguado
420,chuyaklla yaku,agua potable
421,chuyakllachina,potabilizar
422,chuyakllachiy,potabilización
423,chuyayana,asear
424,chuyayay,desinfección
425,chuyayay(gt),aseo
426,hachun,"nuera, cuñada"
427,hallmana,desyerbar
428,hampatu,rana
429,hampi,"curación, medicina"
430,hampik ikay,seguro medico
431,hampikillkalli,receta medica
432,hampina,curar
433,hampiwasi,"centro de salud, hospital"
434,hamuktana,entender
435,hamutana,comprender:
436,hamutay,comprensión/ comprender
437,hanika,fanega
438,hankana,desequilibrar
439,hankay,desequilibrio
440,hantsa,páncreas
441,hapina,"coger, agarrar"
442,haplla,descomedido
443,harkana,atrancar
444,"harkana, kinchana",cercar
445,harkarina,tolerancia
446,harkariy,atascarse
447,harkashka shimiki,sílabas trabadas.
448,hatarikuna,manifestaciones
449,hatariy,levantamiento
450,hatun,grande
451,hatun apuktukushka,señoríos
452,hatun hallmay,aporque
453,hatun hatun runa,gigante
454,hatun ishpa / isma,caca
455,hatun kahas,macizo (montaña grande
456,hatun kaksas,macizo (montaña grande
457,hatun mama,abuela
458,hatun paktay,objetivo general
459,hatun rikuchik,indicador general
460,hatun wankurikuna,organizaciones nacionales
461,hatun yachay,tercer nivel de educación superior
462,hatun yaya / hatun tayta,abuelo
463,hatuna,vender
464,hatuna pampa,mercado
465,hatuna wasilli,"kiosko, chiringuito"
466,hatunkay,grandeza
467,hatunkillka,mayúscula
468,hatunkucha,mar
469,hatunyachanawasi,universidad
470,hawa,arriba
471,hawachiy,alzar
472,hawahawalla,superficialmente
473,hawakara,epidermis
474,hawakarak,"epidermico, relativo a la epidermis"
475,hawalla,superficial
476,hawalla shimiki,sílaba simple.
477,hawallallpa,suelo
478,hawapacha,"espacio, cielo"
479,hawaykawsay,civilización
480,hawchashka,ensalada
481,hayak,"amargo, hiel, bilis"
482,hayak muyu,pimienta
483,haytaypukllay,futbol
484,hayñi,derecho
485,hikama,jícama
486,hillay,implemento
487,hillaykuna,instrumentos
488,hillaysapa,aparato
489,hilli,sopa
490,hita,pozo
491,hondonada,pukru
492,huchu kiru,muela
493,huku ukuyayllika,secreccion endogeno
494,hukukanllayay,secrecion exogeno
495,hukurillawsallika,sistema excretor
496,humpi,sudor
497,humpina,sudar
498,hunina,conjugar
499,hunkay,semana
500,hunkay / kanchisri,semana
501,hunta,lleno
502,hunu,"millón, 1000000"
503,hutkunantak,taladro
504,huña,moco
505,ichanik,duda
506,ichanik yuyal,oración dubitativa.
507,ichanik yuyay,oración dubitativa
508,illak,"cero, 0"
509,"illana, mana tiyana","no haber, ausentar"
510,illapa,arma de fuego (escopeta
511,illay,faltar
512,ima rikunchikuna,causa
513,imachik,verbo
514,imachik yuyayki,frase verbal
515,imachikkuna,verbos
516,imak,sujeto
517,imakak,característica
518,imakay,concepto.
519,imakay (w),concepto
520,imakay sapsikuna,características generales
521,imakaychina,conceptualizar
522,imakaychinamanta,conceptualización
523,imallichik,adverbio
524,imamantachiy,justificación
525,imanik,predicado
526,imapash,cualquier cosa
527,imarayku,causas
528,imaruran,consecuencias
529,imaruray,función
530,imashinakan,formas
531,imatukuna,acontecer.
532,imatukuna (w),acontecer
533,imatukuy,"acontecimiento, suceder"
534,imayay,materia
535,imaykuna,elementos
536,imilla,"adolescente (hombre),"
537,inchi,maní
538,inti,"sol, (intipuncha) domingo"
539,inti llika,sistema solar
540,inti puncha,domingo
541,inti suyu,este
542,intikinrayllipyay,solsticios
543,intillayayllipyay,equinoccio
544,intillika,sistema solar
545,intiraymi,fiesta de sol
546,intishayakllipyay,equinoccio
547,intiwayllashka,fotosíntesis
548,ishkantinpurachi,sobreyectiva
549,ishkay,"dos, 2"
550,ishkay chunka,"veinte, 20"
551,ishkay patsak,"docientos, 200"
552,ishkaychishka kutinkutinchikyuk yapa,suma de potencias con exponente par
553,ishkaychishka yupay,número par
554,ishkaykillkanancha kutinchiy,factorización de binomios
555,ishkaymanpurachi,biyectiva
556,ishkayniki kallari yachay,segundo nivel
557,ishkaynikichishka iñu,par ordenado
558,ishkaynipa yuyal,oración bimembre.
559,ishkaynipa yuyay,oración bimembre
560,ishkaypakta kimsamanyaychi,triángulo isósceles
561,ishpa phuru,vejiga
562,iskun,"nueve, 9"
563,iskun chunka,"noventa, 90"
564,iskun patsak,"novecientos, 900"
565,ismuwanu,compost
566,isru,aro
567,iwila,shampoo natural (planta
568,iñina,creer
569,iñiy,"creencia, creer"
570,iñu uchilla suyukuna,puntos colaterales
571,iñuku,átomo
572,iñuwa,molécula
573,kachachik,imperativo
574,kachachik yuyay,oración imperativa
575,kachamuna,"mandar, enviar"
576,kacharishka,libre
577,kachi,sal
578,kachipurawa,borraja
579,kahaskancha,cordillera
580,kahasmuku,nudos (de cordillera
581,kakatsu,lagaña
582,kakchiy,definición
583,kakrikuchina,describir.
584,kakrikuchina (w),describir
585,kaksaskancha,cordillera
586,kaksaskuna,accidentes geográficos
587,kaksasmuku,nudos (de cordillera
588,kaksasuyu pampa,area andina
589,kaktarikuchik,físico (estructura
590,kakunamaki,desafío
591,kakwillay,certificado
592,"kakwillay, illu",certificado.
593,kalak,débil
594,kalak,débil
595,kallampa,hongo
596,kallanpa,hongo
597,kallari yachay,primer nivel de educación básica
598,kallari yuyay,introducción
599,kallarillaktayku,primeros pobladores
600,kallarinancha,dominio
601,kallariy,"presentación, inicio"
602,kallariy yachay,educación básica.
603,kallariyuyay,presentación
604,kallpa,vigor
605,kallpana,correr
606,kallpanakuy,atletismo
607,kallpay,correr
608,kalluwatariy,trabalengua
609,kamachashka,protegido
610,kamachay,proteger
611,kamachik,"legislador, consejero"
612,kamachik atiy,poder legislativo
613,kamachik wasi,corte superior de justicia
614,kamachikamay,administración
615,kamachikkuna,leyes
616,kamachina,"consejo, exhoracion"
617,kamachipuk,legislativo
618,kamachipuk tay,poder legislativo
619,kamachipuy,legislar
620,kamachiy,aconsejar
621,kamakay,higiene
622,kamana,cuidar/ abundancia
623,kamanayay,precaución
624,kamari,regalo
625,"kamari, challay",ofrenda
626,kamay,cuidar/proteccion
627,kamay paktachi atiy,poder judicial
628,kamayku,evaluación
629,kamaykuchiy,verificación
630,kamaykuna,evaluar
631,kamaykurina,auto evaluar.
632,kamaykurina(w),auto evaluar
633,kamaykuriy,auto-evaluación
634,kamaykuy,evaluación
635,kamaypakta,mandato
636,kamayuk,"cuidador, facultades de autoridad"
637,kamayuk wasi,ministerio
638,kamikuy,agravio
639,kamu,libro
640,kamukuska,biblioteca
641,kamuti,camote
642,kamuyachik,imprenta
643,kan,tú
644,kana,ser / estar
645,kancha,afuera
646,kancha shuti,sustantivo colectivo
647,kanchachani milka,cuadro estadístico
648,kanchachani shuyu,gráfico estadístico
649,kanchachanikamay,estadística
650,kanchaman,hacia fuera
651,kanchayashka,convexo
652,kanchis,"siete, 7"
653,kanchis chunka,"setenta, 70"
654,kanchis patsak,"setecientos, 700"
655,kankuna / kikinkuna,ustedes / vosotros
656,kanllayay,externo
657,kapak,diciembre
658,kapak apuk,gobierno
659,kapak killa,diciembre
660,kapak llakta,reino
661,kapak saylla,meridiano
662,kapak shuyu,mapa político
663,kapakchi tantanakuy,organización política
664,kapakchunkana,ajedréz
665,kapakkamay,política
666,kapakllakta,imperio
667,kapakmarka,"imperio, reinado"
668,kapaktukukamay,politica
669,kapasaylla,meridiano
670,kapisayu,"poncho, alargado y entero (kitukara)."
671,kapisayu (kitukara),"poncho, alargado y entero"
672,"kapuk, pukushka",producto
673,kapulli,capulí
674,kara,"corteza, piel, cáscara"
675,karana,dar regalo.
676,karaskruyuwa,crustáceos
677,kari,hombre
678,kari atallpa,gallo
679,karilla,gallardo
680,karipurakuyay,homosexualidad
681,kariwarmikanakamay,sexualidad
682,"karkanka, sakru",esqueleto
683,karkay,vertebrado
684,karu,lejos
685,karuwillay,telegrama
686,karuyari,teléfono
687,karuyarik wasilli,cabina telefonica
688,karwa,llovizna
689,karway killa,agosto
690,kasha,espina
691,kashakarayukwa,equidermos
692,kasi,"tranquilo, quieto"
693,kasik,paz
694,kasilla,tranquilidad
695,kasku,pecho
696,kasku tullu,esternón
697,kaspana,chamuscar
698,kaspi,"palo, madera"
699,kaspimakana,espada
700,"katana, killpana",cubrir
701,katariy,levantamiento
702,kati paktachik,complemento indirecto.
703,katichay,prosa
704,katichina,imitar.
705,katik iñu,punto seguido.
706,katik iñu(w),punto seguido
707,katik paktachik kp,complemento indirecto
708,katikmanyaypurachi,coseno
709,katikmanyaypuramuchi,secante
710,katikmanyaypuramunchi,secante
711,katikmanyaypuranchi,coseno
712,katiknina,narrar
713,"katikunkuy, purikunkuy",epidemia
714,katina,seguir
715,katinalla,modelo
716,katinti yupaykuna,series numéricas
717,katisuyu rikuchik iñu,puntos colaterales
718,katsu,escarabajo
719,katuranti,negocio
720,katuy,vender
721,katuyranti,feria
722,katuyrantin chani,el valor del intercambio
723,katuyrantin chani,el valor del intercambio
724,kawalli,"lente, gafas"
725,kawana,cantar
726,kaway,observación.
727,kawchuna,torcer
728,kawi,rombo
729,kawikuk,romboide
730,kawilli,camilla
731,kawitu-tiyarina,mueble
732,kawpuna,torcer
733,kawsa marka runa,nacionalidades.
734,kawsakkuna,seres
735,kawsana,vivir
736,kawsay,"cultura, vida"
737,kawsay killka,biografía
738,kawsay killkamachiy,registro civil
739,kawsay mallki,herencia genética
740,kawsaykuk,célula
741,kawsaykuktantalli,tejido
742,kawsaymarka,nacionalidad
743,kawsaypacha,medio ambiente
744,kawsaypura,interculturalidad
745,kawsayrikcha,novela.
746,kawsayrikcha w),novela
747,kawsayshuktakayariy,aculturación
748,kawsayta chikipi churashpa,poniéndose en peligro
749,kawsayuk,célula
750,kay,aquí
751,kaya,mañana
752,kayachina,convocar
753,kayana,invitar/ llamar
754,kayna,ayer
755,kaytarikuchi,estados fìsicos
756,kaytu,nervio
757,khallu,lengua
758,khari,masculino
759,khiwa,hierva
760,khura,maíz germinado
761,khuyana,amar
762,khuzu,larva de escarabajo
763,kichankuy,cólera
764,kichkikuchu,ángulo agudo
765,kichkikuchu kimsamanyachi,triángulo acutángulo
766,kichkikuchu kimsamanyaychi,triángulo acutángulo
767,kichuy,arrebatar
768,kichwa llika,alfabeto kichwa
769,kikin,usted
770,kikin shuti,nombre propio
771,kikinkuyari,autoestima
772,kikinllatak,consigo mismo
773,kikinmanta,atentamente
774,kikinmutsuri,autoconsumo
775,kikinrimay,idiolecto
776,kikinruray,costumbres
777,kikinyari,identidad
778,kikinyarina,identificar – apropiar
779,kiliki,quilico
780,kilkawana,redactar
781,killa,luna
782,killa,mes
783,killanturi,eclipse lunar
784,killanturiy,eclipse lunar
785,killapa nikirakiri,fases de la luna
786,killimsa rumi,carbón de piedra
787,killka kamachik,regla ortográfica
788,killka katina,leer
789,killkakatiyuk,escritor
790,killkana,escribir
791,killkanancha,término algebraico
792,killkananchakamay,álgebra
793,killkananchapurachina,reducción de términos semejantes
794,killkananchaychi,expresión algebraica
795,killkapa unancha,signo de puntuación.
796,killkapa unancha (w),signo de puntuación
797,killkawana,redactar.
798,killkaya,carta
799,killkayachay,tema - teoría
800,killkayrimay,obra literaria
801,killpa,capa
802,killpak kushma,"sweater, saco"
803,killu,amarillo
804,killu sara,maíz amarillo
805,kimi killka,coeficiente o parte literal
806,kimi yupay,coeficiente numérico
807,kimina,acercar
808,kiminancha,coeficiente
809,kimirik,contigüos.
810,kimirik kuchukuna,ángulos contiguos o adiacentes
811,kimirishka yuyay,oración subordinada
812,kimiriy,acercarse
813,kimpu / kashtuna,"mandíbula, quijada"
814,kimraymaya,hipotenusa
815,kimsa,"tres, 3"
816,kimsa chunka,"treinta, 30"
817,kimsa kilkanancha kutinchiy,factorización de trinomios
818,kimsa patsak,"trecientos, 300"
819,kimsachishka kullka,prisma triangular
820,kimsachishkapa tawa,trinomio cuadrado perfecto
821,kimsakamachik,regla de tres
822,kimsakamachimuk,regla de tres inversa
823,kimsakamachiyak,regla de tres simple
824,kimsakilkanancha kutinchiy,factorización de trinomios
825,kimsamanyachi,triángulo
826,kimsamanyachikamay,trigonometría
827,kimsamanyapurachi,relaciones trigonométricas
828,kimsaniki kallariy yachay,tercer nivel de ed. básica.
829,kimsaniki kallariyachay,tercer nivel
830,kimsapaktamanyachi,triángulo equilátero
831,kincha,corral
832,kinchak,corchetes.
833,kinku,curva
834,kinkuk,paréntesis.
835,kinraymanya,hipotenusa
836,kinrayshuyu,función
837,kinti,picaflor
838,kinuwa,quinoa
839,kipapakchiruray,proyecto
840,kipapakchiruray yachay,proyecto de aula
841,kipilli,paquete
842,kiri,llaga
843,kirkinchu / kachikampu,armadillo
844,kiru,árbol
845,kishparik,independencia
846,kishpichina,perdonar
847,kishpiripacha,liberalismo
848,kishuar,quishuar
849,kita,brioso
850,kiti,cantón
851,kiti apuk,jefe político
852,kiti kamaklli,concejal
853,kiti kapachik apuk,comisario nacional
854,kitikapak,capital provincial
855,kitilli,parroquia
856,kitilli apuk,teniente político
857,kucha,lago
858,kuchaku,laguna
859,kuchawpi,bicectriz
860,kuchi,cerdo
861,kuchulla,cerca
862,kuchupatay,grado angular
863,"kuku, pukchi",libra
864,kukulli,paloma
865,kulla,enero
866,kulla killa,enero
867,kullasuyu,región sur
868,kullka,prisma
869,kullka puncha,jueves
870,kullkikamak wankuri,asociación bancaria
871,kullkikamak wankuriy,asociación bancaria
872,kullkikamak wasi,"banco, mutua, copo, corporación, financiera"
873,kullkikamay,economía
874,kullkikamay kamu,libro contable
875,kullkikamay shinayachi,conmutabilidad bancaria
876,kullkikamaychik,sistema contable
877,kullkikikinchik,póliza
878,kullkilli,"billetes de denominacion baja, pequeños"
879,kullkimantawankuri,organización económica
880,kullkimashnayachik,presupuesto
881,kullkiminkay kamu,libro banco
882,kullkipatsakri,impuesto
883,kullkirayku hatun tantanakuy,grandes bloques económico
884,kullkirayku llankay,actividad económica
885,kullkiyuk,capitalista
886,kullku,tronco
887,kulta,pato
888,kumuriy,inclinarse
889,kuna,dar
890,kunakuy,ofrecer
891,kunakyuyayku,refrán
892,kunan,presente
893,kunan pacha,tiempo presente
894,kunan yallishka,participio
895,kunana,consejo
896,kunanyallishka,participio.
897,kunka,"garganta, cuello"
898,kunka tullu,nuca
899,kunkaklla,olvidadiso
900,kunkallina,bufanda
901,kunkariy,olvidarse
902,kunkashka,olvidado
903,kunkay,olvidar
904,kunkaycha,"negligencia, descuido"
905,kunkaychashka,"descuidado, negligente"
906,kunkaychay,descuidar
907,kunkaychiy,"omisión, omitir"
908,kunkaylla,"tranquilo, en reposo"
909,kunkuri,rodilla
910,kunkuriy,arrodillarse
911,kuntisuyu,occidente
912,kuntur,condor
913,kunuk,caliente
914,kunuk allpa,costa
915,kunuk yaku,agua termal
916,"kunukuy, killuchakay",carbohidrato
917,kupa,rastrojo
918,"kupa, ñuku",basura
919,kurikinka,curiquingue
920,kurpa,masa (amasado
921,kurpa (chanpa),terrón
922,"kurpa, putuk",enano
923,kurpañutuchi,desterronamiento
924,kuru,gusano
925,kurun anta,"motocicleta, moto"
926,kururuna,ovillar
927,kuruta,testículo
928,kusa,"esposo, marido"
929,kusana,asar
930,kushi,alegre
931,kushikuy,emoción
932,kushillu,mono
933,kushipatak,sacerdote
934,kushiyay,alegria
935,kushkapaktay,puntualidad
936,kushma,camisa
937,kushpana,saltar
938,"kushpana, pawana",saltar
939,kuska,"parte, sitio, lugar, dirección"
940,kuska imallichik,adverbio del lugar
941,kuskallpayku,subterráneo
942,kuskayupay chani,valor relativo
943,kuski,"septiembre, frondoso, abundancia"
944,kuski killa,septiembre
945,"kuskina, hamutayana",analizar
946,kuskunku,buho
947,kutachik,molinero
948,kutana,molino
949,kuticharina,rescatar
950,kutichina,responder
951,kutichiy,responder
952,kutin,vez (veces
953,kutinchi,múltiplo.
954,kutinchichiy,factorización
955,kutinchik millka,tabla de frecuencias
956,kutinchiklla,frecuencia absoluta
957,kutinchina,repetir.
958,kutinchina(w),repetir
959,kutinchishka yupaykuna,números múltiplos
960,kutinchiy,multiplicación
961,kutinkutinchik,exponente
962,kutinkutinchiy,potenciación
963,kutinkutinmuchiy,radicación
964,kutinkutirik,base (de potencia
965,kutinriksina,reconocer
966,kutirichiy,convertirse
967,kutirik,factor común
968,kutirik taripay,búsqueda del factor común
969,kutsana,rasgar.
970,kutsi,ligero
971,kutsiy,agilidad
972,kuwartilla - ukapa,cuartilla ( +/- 60 lb.
973,kuy,cuy / conejillo de indias
974,kuya,"reina, emperatriz, soberana del incario. señora, dama"
975,kuyak,acariciador
976,"kuyana,",amar
977,kuyashka,amante
978,kuyaylla,"hermosa, linda"
979,kuyka,lombríz
980,kuykakamay,lombricultura
981,kuyllur,asterisco.
982,kuytsa,"joven, adolescente (mujer"
983,kuyurihillanta,máquina
984,kuyuy,mover
985,lachuri,hijastro
986,ladera,shayak allpa
987,lamama,madrastra
988,lancha,tizón
989,lapani,hermanastra
990,laushi,hijastra
991,lawawki,hermanastro
992,layaya / latayta,padrastro
993,llachak,vegetal
994,llachakamay,flora
995,llachapashka,remendado
996,llachapay,remendar
997,llachapayuk,remendon
998,llaki,triste
999,llaki,tristeza
1000,llakichik,perjuicios
1001,llakichik wallpariykuna,formas de explotación
1002,llakichipacha,la colonia
1003,llakichiy,explotación
1004,llakilla,triste
1005,llakitukuy,desastre
1006,llakta,pueblo
1007,llakta ushay,democracia
1008,llaktakay,pueblos
1009,llaktamanta llukshiri,migración
1010,llaktapak ushay,democracia
1011,llaktari allpa,territorio
1012,llaktarimay,dialecto
1013,llaktay,pueblo.
1014,llaktayku,población
1015,llaktushay,democracia
1016,llakushi,sentimiento
1017,llama,"llama, oveja"
1018,llamkaypaktachi,función rol
1019,llamkaywillay,informe
1020,llamkayñan,planificación
1021,llampu,liso
1022,llankahillay,equipos
1023,llankamana,inutil
1024,llankanauku,oficina
1025,llankanaukuk,oficinista
1026,llankayñan,planificación
1027,"llano, campo",pampa
1028,llantu,sombra
1029,llanturiy,eclipse
1030,llapiriy,presión
1031,llashachik,balanza
1032,llashak,masa y peso
1033,llashak tupu,medida de masa
1034,llatanay,"descubrirse, sacarse la ropa"
1035,llawsayachik,endòcrino
1036,llawsayari,viscosidad
1037,llawtu,"corona, diadema"
1038,llichayuk,dichoso
1039,llika,sistema
1040,llika yachay wasikuna,redes educativas
1041,"llika, wallpa",estructura
1042,lliwitupu,radianes
1043,lluki,izquierdo
1044,lluki maki,mano izquierda
1045,llullana,mentir
1046,llullu,tierno
1047,llumpak,limpio
1048,llumpakay,virginidad
1049,llumpakshunku,castidad
1050,llushpichiy,despegar
1051,llutachina,pegar.
1052,llutariy,magnetismo
1053,loma,tula
1054,lulun,huevo
1055,lumu,yuca
1056,lutsay,"proporción, proporcionalidad"
1057,lutsaychishpa raki,reparto proporcional
1058,lutsaykumuk,proporción armónica o inversa
1059,lutsaykutinchik,frecuencia relativa
1060,lutsaykuyak,proporcionalidad inversa
1061,lutsaysapayak,proporcionalidad directa
1062,machana,emborrachar
1063,machu,tuerto
1064,makana,pegar
1065,makanakuy,guerra
1066,makanakuy runakuna,guerreros
1067,makay,"golpe, pegar, agravio"
1068,maki,mano
1069,maki hawa,palma de la mano
1070,maki ruka,uña del dedo de la mano
1071,maki washa,dorso de la mano
1072,maki-watana,"manilla, pulsera"
1073,makillina,guante
1074,makimañachi,colaboración mutua
1075,makimañachiy,prestación de mano para el trabajo
1076,makimañashpa,una mano de ayuda
1077,makimañay,pedir la mano para casarse
1078,makipakchiruray,artesanía
1079,makirumpay,voleibol
1080,makirurashka,manualidad
1081,makiruray,artesanía
1082,makiruraykamay,artesanía
1083,makiyasiy,voleibol
1084,maklluy,peligro
1085,maklluy (gt),peligro
1086,mallina,"probar, saborear"
1087,mama,"madre, mamá"
1088,mama chanka,muslo
1089,mama chumpi,faja-madre
1090,mama kullki kamachi,regla de interés
1091,mamakamachik,constitución
1092,mamakucha,océano
1093,mamakullki,capital
1094,mamallakta,país
1095,mamallakta kallaripa tantanakuy,asamblea constituyente
1096,mamallakta kawsay kallari,vida republicana
1097,mamallakta michari,defensa nacional.
1098,mamallakta pura kapak kamay,política exterior
1099,mamallaktachiy,estado
1100,mamallaktapa apukwasi,palacio de gobierno
1101,mamallaktapa haylli,himno nacional
1102,mamallaktapa kapak,nacionalista
1103,mamallaktapak tantanakuy,estado
1104,mamallaktapura kullkikulka,fondo monetario internacional (fmi
1105,mamayakunta mintalay,comercio marítimo
1106,mana alli,"mal, malo"
1107,mana rikshka antakuna,los ovnis
1108,mana riksishka,extraño
1109,mana tukurik,infinito
1110,manahaykapash,nunca jamas
1111,manapakiyak yupay,número irracional
1112,manapipash,"nadie, ninguno"
1113,manarak turuwan makiruray pacha,período precerámico
1114,manashuwak,honrado
1115,manañakcharishka,despinado
1116,manchay,temer
1117,manllariy,asustarse
1118,manllay,"temer, tener miedo"
1119,manuchaskiy,cobrar
1120,manya,"borde, lado"
1121,manyaku,cateto
1122,manyakupurachi,tangente
1123,manyakupuramuchi,cotangente
1124,manyakupuramunchi,cotangente
1125,manyapikakkuna,extremos
1126,manyatupu,perímetro
1127,manña,"borde, orilla"
1128,mapayashka,obseno
1129,mapayay,pornografía
1130,marka kamachik,prefecto
1131,markakamachiklli,consejero provincial
1132,markapuk,gobernador
1133,masha,"yerno, cuñado"
1134,mashi,amigo
1135,mashipurari,relación mutuo
1136,mashkaychani,incógnita
1137,mashnayachi,conocimiento de cantidad o cálculo
1138,mashnayachina,calcular
1139,mashnaykuna,cantidad
1140,"mashu, chimpilaku",murciélago
1141,mashuwa,mashua
1142,maskana,buscar
1143,maskaypacha,corona
1144,masma yachak,ingeniero
1145,masmana,construir
1146,masmay,armar
1147,mawkana,usar
1148,may kutinchikuna,productos notables
1149,may mutsuri,importantes
1150,may rakikuna,cocientes notables
1151,mayalli,indispensable
1152,"maychani, raymana",importancia
1153,mayhatun,macro
1154,maykanpash,cualquiera
1155,maykutinchikuna,productos notables
1156,maymachariy,alcoholismo
1157,maymutsurik,importante
1158,"maymutsuriy, maychaniy",importancia
1159,maypakchiruray,arte
1160,mayrakikuna,cocientes notables
1161,mayu,río
1162,mayuchilla,micro
1163,maywa,"morado, violeta"
1164,maywana,enamorar
1165,"maywana, munayana",enamorar
1166,mañana,pedir
1167,mañay,solicitud
1168,mi si,gato
1169,michachikanyay,descomposición de la energía
1170,michina,pastar
1171,"mika, mati",plato de madera
1172,miklla,treinta libras
1173,mikuna,comer
1174,"mikuy, mikuna",alimento
1175,milchina,manipular
1176,"milchina, llanwana",palpar
1177,milchinay,experimentar
1178,milka,"párrafo, cuadro"
1179,milkachishka,killka cuadro sinóptico.
1180,milkachishka killka(w),cuadro sinóptico
1181,milkakinrayshuyu,histograma
1182,millanayay,feo
1183,millaymakay,
1184,millkashuyu,gráfico de barras
1185,milluku,melloco
1186,minchakama,despedida (próxima ocasión
1187,minchayana,despedirse.
1188,minchayana (w),despedirse
1189,minkana,encargar
1190,minkarik,huesped
1191,mintala,comerciante
1192,mintalana,comercializar
1193,mintalanayay,comercializaciòn
1194,mintalay,comercio
1195,mintu,pirámide
1196,mirachina,aumentar
1197,mirachina (w),reproducir
1198,mirana,"aumentar, producir,"
1199,mirka,"paño, mancha de la cara"
1200,mishanakuy,competencia
1201,mishay,"ganr, competir"
1202,mishki,dulce
1203,mishu,mestizo
1204,mishuma uchu,ají menos picante
1205,mitsa,verruga
1206,mitsak,mezquino
1207,mitsana,mezquinar
1208,"miyuchina, mapayachina",contaminar
1209,miyuwayra,anhídrido carbónico
1210,miyuy,contaminación
1211,miyuy wanu,fertilizante químico
1212,miyuychi,contaminaciòn
1213,"montaña, cerro",urku
1214,"monte, bosque, selva",sacha
1215,muchana,besar
1216,muchiku,sombrero
1217,muksi,oxido
1218,muku,nudo
1219,muku,articulación
1220,munana,querer
1221,munanayay,deseo carnal
1222,munapayay,desear con locura
1223,munarishka,aficionado
1224,munay,deseo
1225,munay killka,escritura de expresión libre
1226,munay yachay,auto estudio.
1227,munaymanta ruray,"hobby, pasa tiempo"
1228,muntira,gorra
1229,murtiñu,mortiños
1230,muru unkuy,sarampión
1231,"muru, añawi",fruto
1232,muruchu,morocho
1233,murukuna,"productos agrícolas, granos"
1234,mushuk,nuevo
1235,mushukpacha,neolítico
1236,mushukyachinalla,renovable
1237,muskuna,soñar
1238,musparina,desvariar
1239,musyana,preveer
1240,"musyana, kipakrikuna",prever
1241,musyay,"prevención, temer, tener miedo"
1242,mutilon,motilones
1243,mutsukmanta,necesariamente
1244,mutsuna,necesitar
1245,mutsuri killkanancha kutinchi,productos notables
1246,mutsurik,útil
1247,mutsushka,"necesitado, menesteroso"
1248,mutsuy,uso
1249,mutsuy,necesitar
1250,mutsuypa,utilidad
1251,muyu,semilla
1252,muyuna,rodear
1253,muyuntin,alrededor
1254,muyuntintupu,medida del círculo
1255,muyuriy,giro
1256,muyuy rimay,mesa redonda
1257,muyuy tupu,perímetro de la circunferencia
1258,muyuykuchu,ángulo de giro
1259,muyuypacha,ciclo
1260,muyuyrimay,mesa redonda.
1261,muyuyshuyu,gráfico de pasteles
1262,muyuytupu,longitud de la circunferencia
1263,nanay,dolor
1264,nankay,equilibrio
1265,napaykuna,saludos
1266,niki,orden
1267,nikichik,"ordenador, computadora, pc"
1268,nikichina,"ordenar, organizar"
1269,nikirakiri,fase
1270,nikiyupay,números ordinales
1271,nikiyupaykuna,números ordinales
1272,nikyachay,teorema
1273,nimaykan,ninguna
1274,nina,"fuego(llama, candela"
1275,nina kuru,luciérnaga
1276,"ninayay, rupariy",combustión
1277,nipa,elemento
1278,nipakutichi,intersección.
1279,nipapurachi,"correspondencia, relación"
1280,nipayay,componente
1281,nishani,autodeterminación
1282,nuna,"espíritu, alma"
1283,pacha,tiempo y espacio
1284,pacha imallichik,adverbio de tiempo
1285,pacha shuktayay,fenómeno natural
1286,pacha tupuk,reloj
1287,pachachik,reloj
1288,pachachik- sayllachik,reloj
1289,pachakutik pacha,renacimiento
1290,pachamama,mundo
1291,pachamamapi tiyak,recurso natural
1292,pachamamapi tiyakkuna,recursos naturales
1293,pachanyachiy,fomento
1294,pachapi tiyak chimpaykuna,teoría de la relatividad.
1295,pacharikuy,cosmovisión.
1296,pacharikuy(w),cosmovisión
1297,pachatupu,medida de tiempo
1298,pachaykamay,física
1299,pakana,esconder
1300,pakarikuy,velar
1301,pakarina,amanecer
1302,pakashka,escondido
1303,pakay,huabo
1304,pakcha,cascada
1305,pakchi,técnica
1306,pakchiruray,tecnología
1307,pakchirurayachay,taller
1308,pakiriklla,frágil
1309,pakiy,"romper en pedazos, destrozar"
1310,pakiyupay,número racional
1311,pakpayu,aves
1312,paktachani,ecuación o igualdad de valores
1313,paktachay,justicia
1314,paktachichin,responsabilizar.
1315,paktachichina,responsabilizar
1316,paktachik,responsable
1317,paktachik kuchu,ángulo complementario
1318,paktachik tantachishka,conjunto complementario
1319,paktachikkuna,propiedades o relaciones
1320,paktachikuna,propiedades
1321,paktachiriy,asumir responsabilidad
1322,paktachiy,responsabilidad
1323,paktak,suficiente
1324,paktakamu,libro mayor
1325,paktakuchu,ángulo recto
1326,paktakuchu kimsamanyachi,triángulo rectángulo
1327,"paktakuyuy, waskariklla",ritmo
1328,paktalla kawsay,equidad de género
1329,paktama,jeme
1330,paktamanya,cateto menor
1331,paktanancha,resultado
1332,paktapuchu,diferencia simétrica
1333,paktara,cuidado
1334,paktaraki,divisibilidad.
1335,paktarakikyuk pakiyupaykuna,fracciones homogéneas
1336,paktarakikyupay,máximo común divisor
1337,paktarakirikyupay,mínimo común múltiplo
1338,paktay,objetivo
1339,paktayachay,currículo
1340,paktayashka,equivalente
1341,paktayuyay,definición
1342,paku,café
1343,pal anta,plátano
1344,"palama, itha, añallu",insecto
1345,palamamiyu,insecticida
1346,pallana,cosechar
1347,pallay,cosechar
1348,palta,aguacate
1349,paltarikkuska,barra
1350,pamaway,cosmos
1351,pamaway nipa,elemento cósmico
1352,pamawayak,cósmico
1353,pamawyri,cósmico
1354,pampa,planicie
1355,pampa shuyukuna,figuras planas
1356,pampallpa,llanura
1357,pampawarmi,prostituta
1358,panchi,febrero
1359,panchi killa,febrero
1360,pani,hermana (hermano a hermana
1361,pankakullki,billetes
1362,pankalli,"documento de identificacion, documento pequeño"
1363,panta,confuso
1364,"pantano, ciénega",wampu allpa
1365,pantay,confusion
1366,papa,patata
1367,papaya,papaya
1368,parana,"demorar, durar (en imbabura"
1369,parkuna,regar
1370,paruk,pulmón
1371,pascal kutinkutinchi,esquema de paskal
1372,paskakuchu,ángulo obtuso
1373,paskakuchu kimsamanyaychi,triángulo obtusángulo
1374,paskama,cuarta
1375,paskama-ukapa,cuarta de mano
1376,paskana,abrir
1377,paskarikra,braza (longitud
1378,paskay,abrir
1379,pasña,adolescente (mujer
1380,pata millma,vello púvico
1381,pata tullu,hueso púvico
1382,patarina,doblar.
1383,patay,grado sexagecimal
1384,patayak:,tramo
1385,patayay,tramo
1386,patayayku,"intervalo, recorrido, rango"
1387,patayku,minutos angulares
1388,pataykulla,segundos angulares
1389,patpa,pluma
1390,patpay,emplumar
1391,patsak,"cien, 100"
1392,patsak piti,tanto por ciento
1393,patsakri,porcentaje
1394,patsakri shutichi,notación porcentual
1395,patsakri shutichiy,notación porcentual
1396,patsakrikrapampa,cuadra
1397,patsaktatkipampa,hectárea
1398,patsakwata,siglo
1399,pawana,volar
1400,pawkar,marzo
1401,pawkar,marzo
1402,pawkar killa,marzo
1403,pay,ella
1404,paya,vieja
1405,paya mama,anciana
1406,paya ruka,dedo pulgar
1407,payku,payco
1408,paykuna,ellas
1409,payllashka,pagado
1410,payllay,pagar
1411,paypachik,pertenencia
1412,paypaknay,pertencer
1413,peña,haka
1414,phacha,sábana
1415,phallkala,sien
1416,phanka,hoja
1417,phankalla,liviano
1418,phatsayana,separar
1419,phawachik anku,nervio
1420,phintu,"manta, trapo"
1421,phintu ushuta,medias
1422,pichay,limpia
1423,"pichay, chuyay, mayllay","limpieza, aseo"
1424,pichka,"cinco, 5"
1425,pichka chunka,"cincuenta, 50"
1426,pichka patsak,"quinientos, 500"
1427,piki,pulga
1428,pillis,piojo del cuerpo
1429,pillpintu,mariposa
1430,pimill,alga acuática
1431,pinkay,vergüenza
1432,pinkullu,tobillo
1433,pinllu,lechero
1434,piruri,rol
1435,piruru,disco
1436,pirway,diagramación
1437,pirwayay,maqueta
1438,"pirámide natural,",kutama
1439,pishiyak pakiyupay,fracción propia
1440,pishiyashka,menor que
1441,pishku,"pájaro, ave"
1442,"pishku, patpayuk",ave
1443,piti,poco
1444,pitikuska,segmento
1445,"pitina, kuchuna",cortar
1446,pituy,deseo amoroso
1447,"pityuk, chuskulli pukcha",arroba
1448,piñakuy,enfadado
1449,piñana,enfadarse
1450,piñashka,enojado
1451,plumaje,patpasapa
1452,policia,chapak
1453,puchu,diferencia
1454,puchu tupati,cabo de vela
1455,puchuy,extraño
1456,puka,rojo
1457,puka sara,maíz rojo
1458,pukara,lugares sagrados – centros ceremoniales
1459,pukcha,quintal
1460,pukchiku,onza
1461,pukllana,jugar
1462,pukllay,deporte
1463,pukpu,"litro, botella"
1464,pukshay akllay kamachik,tribunal electoral
1465,puku,plato
1466,pukuk,soplador
1467,pukukuk,productivo
1468,pukukun,"fecundo, fertil"
1469,pukuna,cerbatana
1470,pukushka,encantado
1471,pukuy,producción
1472,pukuyay,madurez
1473,pukyu,vertiente
1474,pullkanka,escudo
1475,pullkankayuk,escudero
1476,puma,puma
1477,puma-maki,pumamaqui
1478,punasuyu,región sierra
1479,puncha,día
1480,punchaklla,claro
1481,punchankamu,libro diario
1482,punchanta kawsay,vida cotidiana
1483,punchayakun,alba
1484,puntu,vasija
1485,pupu,ombligo
1486,puray,relación
1487,purichihallmay,segunda desyerbe
1488,purik,caminante
1489,purikacha,paseo
1490,purina,caminar
1491,purun,llanura abandonada
1492,purun wiwa,animal silvestre
1493,purutu,fréjol
1494,pusak,"ocho, 8"
1495,pusak chunka,"ochenta, 80"
1496,pusak patsak,"ochocientos, 800"
1497,pusakkamay,dirección
1498,pushak,lider
1499,pushakakllay,tribunal
1500,"pusku, hatki",ácido
1501,"pusku, putuku",espuma
1502,putiha,unidad fundamental de la fanega
1503,putika,"botija (12,5 lib"
1504,putitupu,medida de volumen
1505,putu,galón
1506,putuk,trapecio
1507,putukuk,trapezoide
1508,puyuy,evaporación
1509,puzun,estómago
1510,puñuna,dormir
1511,puñuyllak,insomnio
1512,raka,vagina
1513,? rakacha,zanahoria
1514,rakacha,zanahoria
1515,rakikyupay,denominador
1516,rakikyupaykuna,números divisores
1517,rakinakuy,distribución
1518,rakinchi,submúltiplo
1519,rakiri,"parte, sección"
1520,rakirikuska,partes
1521,rakirikyupay,numerador
1522,raku,grueso
1523,raku chunchulli,intestino grueso
1524,raku kushma,abrigo
1525,raku purutu,porotón
1526,rakuyay,grosor o espesor
1527,rantimpana,intercambiar.
1528,rantimpayni,reciprocidad.
1529,rantina,comprar
1530,rantinpa pankakuna,documentos comerciales
1531,"rantinpak, ayni",reciprocidad
1532,rantinpaktak,conmuntativa
1533,rantinpanka,factura
1534,rantinpankaku,tarjeta de crédito
1535,ranziyu,"gringos, ingleses"
1536,ranziyukunapak mamallakta,país anglosajona
1537,rasu,sólido (agua
1538,rasuyay,solidificación (agua
1539,ratata,fuego (energía
1540,ratata allpa,pólvora
1541,ratata urku,fuego del volcán
1542,rawmay,podar
1543,rawrana,arder
1544,rawranay kaspikuchuna kapak,caballero de la ardiente espada
1545,rayku,ocasion
1546,raymi,"junio, fiesta"
1547,raymi killa,junio
1548,razu,nevado
1549,rikcha,semejanza
1550,rikcha,"semejanza, congruencia"
1551,rikcha kutirik,factor común
1552,rikchachani,valor semejante
1553,rikchak,foto
1554,rikchak,"foto, fotografía, semejante"
1555,rikchakmaytu,"carrete de fotos, rollo de pelicula para fotos"
1556,rikchay/suyu,figura
1557,rikchayachiy,genética
1558,rikra,brazo
1559,rikra uku,axila
1560,rikramuku,codo
1561,riksi,conocido
1562,riksichik yuyay,presentación
1563,riksichikyuyay,presentación.
1564,riksina,conocer
1565,riksiri,identidad (persona
1566,riksishka,conocido
1567,rikuchi,manifestación
1568,rikuchik ruka,dedo índice
1569,rikuchikkuna,indicadores
1570,rikuchina,exponer
1571,rikuchishuyu,pictograma o icono
1572,rikuchiy,índice
1573,rikuna,mirar
1574,rikurayana,controlar
1575,rikurik,"vista, que se ha visto"
1576,rikuypacha,paisaje
1577,rimak,hablante
1578,rimana,"relatar, hablar"
1579,rimanakuna,dialogar
1580,rimarikuna,"expresiones, conversaciones"
1581,rimayachakuy,seminario
1582,rimaykachay,discurso
1583,rimaytaki,copla
1584,rinri,"oreja, oído"
1585,rinri kuru,caracol del oído
1586,rinrina,arete
1587,ripana,ir
1588,ripankalli,"boleto o ticket de avion, tren, autobus"
1589,ritimuna,energía
1590,ritirina kuska,lugares energéticos
1591,ritiwayra,energía eòlica
1592,ritiy,energía
1593,ruka,dedo
1594,ruku,viejo
1595,ruku yaya / ruku tayta,anciano
1596,rukutu uchu,ají picante
1597,rumiyashka,fósil
1598,runa,ser humano
1599,runakak,ser humano
1600,runapachakay,humanidad
1601,runapak aycha,el cuerpo humano
1602,runashina,personaje
1603,runayay pacha yuyay,evolución del hombre
1604,runpaki,pelota de futbol
1605,ruparishka,quemadura
1606,rupariykuna,combustión
1607,rurakay,"deber hacer, obligacion"
1608,rurana,aplicar
1609,rurarayana,ejercitar.
1610,rurarayana (w),ejercitar
1611,rurarayay,ejercitar
1612,rurashkayuyay,antecedente
1613,ruray,"función, edificar, construir"
1614,ruray paktachi,rol (función
1615,ruraykatichiy,programa (agenda
1616,rurayri ñan,proceso operativo
1617,rurukuna,frutas
1618,ruwana,poncho
1619,río,mayu
1620,sacha,selva
1621,sacha wiwa,animal silvestre.
1622,sachana,forestar
1623,sachayu,silvestre
1624,sakina,"abandonar, dejar"
1625,sakiriy,quedarse
1626,sakishka,"abandonado, dejado"
1627,sakma,bofetada
1628,sakmay,abofetear
1629,sakra,brujo
1630,sakrachiy,hacer brujería
1631,sakray,"embrujar, hechizar, echar maleficios"
1632,saksana,hartar
1633,salliy,azufre
1634,samana,descansar
1635,samay,"aliento, respiración"
1636,samaytu,aura
1637,sami,"variedad, clase"
1638,saminay,herencia
1639,saminchashka,bendito
1640,saminchay,bendecir (viene de la tradición de la cosecha
1641,samiyachiy,clasificación
1642,sanka,"cerco, excavaciòn"
1643,sanku,espeso
1644,sapalla,"viudo, viuda"
1645,sapalla nipapurachi,correspondencia biunívoca
1646,sapalla rikcha kutirik,factor común monomio
1647,sapalla shuti,sustantivo individual
1648,sapallu,sapallo
1649,sapan,cada quien - cada uno
1650,sapan kawsaykuna,racismo
1651,sapansami chain,población estadística
1652,sapansami chani,población estadística
1653,sapapurachi,inyectiva
1654,sapi,raiz
1655,sapsi,características
1656,"sapsi, imakay",característica
1657,sapsikuna,características
1658,sara,maíz
1659,saran,rendija
1660,sarun / kaynapak kayna,anteayer
1661,sasa yuyay,oración compuesta.
1662,sasa yuyay (gt),oración compuesta
1663,sasak,dificil
1664,sasamanta,dificilmente
1665,sasasapa,dificultad
1666,sasi,noviembre
1667,sasi killa,noviembre
1668,satina,meter
1669,satirishka,"metido, metiche"
1670,sawarina warmi,"novia, prometida"
1671,saylla,hora
1672,sayllachik,horario
1673,sayllachikancha,husos horarios
1674,sayni,lila
1675,saywa,"lindero, límite"
1676,sayway,limitacion
1677,sañukata,tejado
1678,"shanu, uki",café(color
1679,shayak,vertical
1680,shaykushka,cansado
1681,shayri,tabaco
1682,shayriyay,tabaquismo
1683,"shañu, kiwi",café(planta
1684,shikra,"bolso, cartera"
1685,shikshi,comezón
1686,shimi,boca
1687,shimi kamachik,gramática
1688,shimi kara,labio
1689,shimi kiru,diente
1690,shimi millma,bigote barba
1691,shimiki,sílaba
1692,shimiku,morfema
1693,shimiku yuyay awariy,morfosintaxis
1694,shimikukancha yachay,morfología
1695,shimininakuy,prometerse mutuamente
1696,shiminishka,promesa
1697,shiminiy,prometer
1698,shimisapa,chismoso
1699,shimiyari,relación
1700,shimiyuk kamu,diccionario
1701,shina,ejemplo
1702,shina imallichik,adverbio de modo
1703,"shinalla, rikchalla",parecido a
1704,shinashinalla,sencillo
1705,shipir,cuña
1706,shiray,droga
1707,shitana,"arrojar, tirar"
1708,shiwi,anillo
1709,shuk,"uno, 1"
1710,shuk patay paktachani,ecuación de primer grado
1711,shukkuna,unos
1712,shukllamanta nipapurachi,correspondencia univoca
1713,shukllayashka,unidad
1714,shukniki kallari yachay,primer nivel
1715,shukniki patayay,primer tramo
1716,shuknipa yuyay,oración unimembre
1717,shukta charik tantanakuykuna,potencias dominantes
1718,shuktak,otro
1719,shuktakkuna,otros
1720,shuktayachik,caso
1721,shuktayay,derivados
1722,shukyachina,fusionar
1723,shukyachishka,unificado (grafía
1724,shunku,"núcleo, corazón"
1725,shunku ruka / chawpi ruka,"dedo del corazón, dedo del medio"
1726,shunku yuyay(w),idea central
1727,shunkuna,humildad
1728,shunkushka,presentimiento
1729,shunkuyuk,humilde
1730,shunkuyuyay,intención
1731,shushuna,filtrar
1732,shutikuna,nomenclatura
1733,shutillatak,verdadero/a
1734,shutilli,adjetivo
1735,shutintak,en verdad
1736,shutipak rantikuna,pronombres personales
1737,shutipi (llaktapak shutipi),representación
1738,shutiranti,pronombre
1739,shutiy,verdad
1740,shuwana,robar
1741,shuyay,esperar
1742,shuyu,"imagen, dibujo, gráfico"
1743,shuyu nikichik,ordenador gráfico
1744,shuyuchik chakata,rosa de los vientos
1745,shuyutupukamachi,sistema geométrico
1746,shuyutupukamay,geometría
1747,shuyutupukamaychi,sistema geométrico
1748,shuyutupumanya,figura geométrica
1749,siki,nalga
1750,siki tullu / siki chupa tullu,coxis
1751,siki utuku,ano
1752,siklla,gentil
1753,sinchi,duro
1754,sinchi aycha,músculo
1755,sinchi rumi,solido
1756,sinchi rumpa,esfera sólida
1757,sinchi wiru,cilindro sólido
1758,sinchikay,resistencia
1759,sinchikuy,esfuerzo
1760,sinchiruna,valiente
1761,sinchiyachik,acentuación/ atrevido
1762,sinchiyachik unancha,signo de exclamación
1763,sinchiyachiy,atreverse
1764,sinchiyashka,dureza
1765,sinchiyay,solidificación
1766,sinchiyuyana,razon
1767,sinchiyuyarishka,razonado
1768,sinka,nariz
1769,sinka utuku,fosa nasal
1770,sinkanku,elefante
1771,sirana,coser
1772,sirik,horizontal
1773,sirina,acostar
1774,sirma,electricidad
1775,sirpa,traicion
1776,sirpak,traidor
1777,sirpashka,traicionado
1778,sirpay,traicionar
1779,sisa,flor
1780,siti,muñeco
1781,sitwa,julio
1782,sitwa killa,julio
1783,suchu,paralítico
1784,sukta,"seis, 6"
1785,sukta chunka,"sesenta, 60"
1786,sukta pakta umiña,cubo o exaedro
1787,sukta patsak,"seiscientos, 600"
1788,suktachishka tiksi umiña,poliedro hexagonal
1789,suktachishka umiña,poliedro hexagonal.
1790,suku,"gris, carrizo"
1791,"sulka,kitilli",parroquia.
1792,"sulka,kitilli (w)",parroquia
1793,sumak,"bonito, hermoso, bello, rico, excelente"
1794,sumak killka,caligrafía
1795,sumak kuska,"zona, lugar turística"
1796,sumak kuskakamay,turismo
1797,sumak kuskakuna,lugares turísticos
1798,sumak napaywan,saludos cordiales
1799,sumak rimariy,literario
1800,sumak rimay yachay,literatura.
1801,sumak rimayachak,literato
1802,sumak rimayachay,literatura
1803,sumak rimaysami,género literario.
1804,sumak rimaysami (w),genero literario
1805,sumak yupay,"honra, honor"
1806,sumakillka,caligrafía.
1807,sumakyachik rimay,figura literaria
1808,sumakyachik yura,planta ornamental
1809,sumakyachina,"respeto, respetuoso"
1810,sumaychana - muchana,respetar
1811,sumaychay,respeto
1812,suni,longitud
1813,sunikuchu,ángulo llano o plano
1814,sunisuytu,regla o regleta.
1815,sunitupu,medida de longitud
1816,suniwachi,jabalina
1817,suniyachik kuchu,ángulo suplementario
1818,suniyak,línea
1819,"sunka,",barba
1820,"sunkana, tsunkana",absorber
1821,sunturpawkar,lanza
1822,"supa, pakpa, karachi",fibra(cabuyo
1823,surkuy,sacar
1824,suytuyashka kullka,prisma rectangular
1825,suyu,región
1826,suyu rikuchik iñu,puntos cardinales
1827,suyuta rikuchik anta,brújula
1828,taki,música
1829,takina,cantar
1830,takina,tocar musica
1831,takiwayrariy,aeróbico
1832,takzu,tacso
1833,tallpa,camisa
1834,talpa,blusa
1835,tampu,posta
1836,tampul,desorden
1837,tampulyachay,conocimiento desordenado
1838,tanapay,"ayudar, favor"
1839,tantachi unancha,signo de agrupación.
1840,tantachina,agrupar
1841,tantachipakta,asociativa.
1842,tantachishka,conjunto
1843,tantachishka tantariy,unión de conjuntos
1844,tantachishkakunapa kutinchipaktachi,propiedades de la intersección
1845,tantachishkakunapa sami,clases de conjuntos
1846,tantachishkakunata paktachiy,complementación de conjuntos
1847,tantachishkakunata raki,partición de conjuntos.
1848,tantachishkakunata rakiy,partición de conjuntos de conjuntos
1849,tantachishkakunata tukuyyachi,complementación de conjuntos.
1850,tantachishkamanta anchuchi,diferencia de conjuntos
1851,tantachishkapa yapaypaktachikuna,propiedades de la unión o adición
1852,tantachishkata kutinkutinchi,conjunto potencia.
1853,tantachishkata kutinkutinchiy,conjunto potencia
1854,tantachiy,"agrupación, recoger"
1855,tantachiy rurayri,unión de conjuntos
1856,tantachiy unancha,signo de agrupación
1857,tantachiyachay,unidad didáctica
1858,tantallalawsay,reino
1859,tantalli,"panecillo, pan pequeño"
1860,tantanakuy,organización
1861,tantari yachaypa yupay,número de la unidad.
1862,tantarikillka,acta.
1863,tantariku,subconjunto
1864,tantarimanta killka,acta
1865,tantarinakuy,asamblea
1866,tantariypa niki,orden del día
1867,tapuk shutiranti,pronombre interrogativo
1868,tapuk yuyay,oración interrogativa
1869,tapuy,preguntar
1870,tapuykutichina,entrevistar
1871,tapyaruna,mago
1872,tapyay,embrujar
1873,tarina,encontrar
1874,taripana,examen
1875,taripana.,investigar.
1876,taripapuk,juez
1877,taripay,averiguar
1878,taripayhapi,descubrir
1879,taririklla paktachik,complemento circunstancial
1880,tarpuna,sembrar
1881,tarpuy,sembrar
1882,tarpuymirariy,implementación
1883,taruka,venado
1884,taslla,elegante
1885,tatki,minuto
1886,tatki chumpiku,cinta métrica
1887,tatkikutinchi,múltiplo del metro
1888,tatkirakinchi,submúltiplo del metro
1889,tawa,cuadrado
1890,tawakunapa puchu,diferencia de cuadrados.
1891,tawantin,precisión
1892,tawantinsuyu,imperio
1893,tawasampa,corona grande de plumas de guacamayo
1894,tawasuyu,puntos cardinales
1895,tawatatki,metro cuadrado
1896,tawayashka kullka,prisma cuadrangular
1897,tawka,"mucho, bastante, montón"
1898,tawka kawsay,pluricultural
1899,tawka kilkanancha kutinchichiy,factorización de polinomios en general
1900,tawka rikcha kutirik,factor común polinomio.
1901,tawri,chocho
1902,tay,gol
1903,terrón,kurpa
1904,thuka,saliva
1905,tierra,allpa
1906,tierra blanca,yurak allpa
1907,tierra estéril,tsala allpa
1908,tierra fértil,alli allpa
1909,tierra negra,yana allpa
1910,tierra roja,puka allpa
1911,tikrak shimiki,sílaba inversa
1912,tikrana,volver
1913,tikratarpuy,reforestaciòn
1914,tikray,"traducir, convertirse"
1915,tiksi,base o básico.
1916,tiksi yachaykuna,contenidos básicos
1917,tiksi yuyay,fundamentación.
1918,tiksitupu,unidad de medida (fundamental
1919,tiksiy,fundar
1920,tiksiyay mutsuykuna,servicios básicos
1921,tinkina,unir
1922,tinkirik yuyay,oración coordinada
1923,tinkuchik,concordancia
1924,titi,plomo
1925,titichaska,minerales
1926,titu,acrobacia
1927,tituyashka,gimnasia
1928,tiya mama,tía
1929,tiyak,existe
1930,tiyak chanikunata paktachik,balance situacional
1931,tiyak yupay,número natural
1932,tiyashkata rikuchik,balance de comprobación
1933,tiyay,posición
1934,tiyu yaya / tiyu tayta,tío
1935,tsawar,penco
1936,tsia,"huevo de parásito, liendra"
1937,tsiklla,recto
1938,tsiknina,odiar
1939,tsini,ortiga
1940,tsini kuru,larva
1941,tsunka,sorbete
1942,tsunkana,chupar:
1943,tukapu,prenda de gala de mujer
1944,"tuku, putu,",tronco
1945,"tukuchina, puchukana",consumir
1946,tukuchiy,conclusión
1947,tukuna,disfraz
1948,tukuraya,generalidades
1949,tukurik,finito.
1950,tukurik tantachishka,conjunto finito
1951,tukurina,"acabar, terminar"
1952,tukuriy,fin
1953,tukushka,efecto
1954,tukuy hillaykuna,aparatos de medición
1955,tukuy shuti,nombre común
1956,tukuy yupaychi,números reales
1957,tukuyllikuna,generalidades
1958,tukuyta shukllayachik,globalización
1959,tukuyyashka yupay,número entero
1960,tukyana,erupcionar
1961,tukyay,explotar
1962,tullillak,invertebrado
1963,tullpu,color
1964,tullpukuna,colores
1965,tullpushka,teñido
1966,tullu,hueso
1967,tullupaki,fractura
1968,tulukancha,vivero
1969,tunkuri,esófago
1970,tupu,medida
1971,tupukamaychi,sistema de medida
1972,tupuna,medir
1973,tupuy,medida
1974,turi,hermano (harmana a hermano
1975,turu,lodo
1976,turuwan makiruray pacha,período formativo
1977,tushuna,danzar
1978,tuta,noche
1979,tuta suyu,oeste
1980,tutamanta,madrugada
1981,tutamikuy,cenar
1982,tutayana,anochecer
1983,tutura,totora
1984,uchilla,pequeño
1985,uchilla killka,letra minúscula
1986,uchilla tatki,segundo
1987,uchillakillka,minúscula.
1988,uchillayachishka yuyay,resumen.
1989,uchillayachishka yuyay (w),resumen
1990,uchu,ají
1991,uka,oca
1992,ukku,cuerpo humano
1993,ukkukara kuruta,cutáneo
1994,ukkukuyuchik,extremidad
1995,ukkukuyurikancha,motricidad
1996,ukkukuyuykamay,cultura física
1997,ukkunanchachiy,expresión corporal
1998,ukkupa kuskaritimuna,chakra)del cuerpo humano
1999,ukkurupay,fiebre
2000,ukkuskayku,aparato
2001,ukkuyawri,órgano
2002,ukllana,abrazar
2003,ukllay,abrazar
2004,uksha,paja
2005,uku,dentro
2006,uku kushma,camiseta
2007,ukucha,ratón
2008,ukumari,oso
2009,ukunpuray,interrelación
2010,ukururu,berro
2011,ukuyashka,cóncavo
2012,ulku,macho(animales)jh
2013,ullu,pene
2014,uma,cabeza
2015,uma ruka,"dedo de la cabeza, anular"
2016,uma tullu,cráneo
2017,umachi,engaño
2018,umachik,"traidor, engañador"
2019,umachiy,engañar
2020,umachuku,visera
2021,umamuskuy,fantasia
2022,umayarina,sensopercepción
2023,umayuyana,imaginar
2024,umayuyay,imaginacion
2025,umiña,cubo o exaedro.
2026,umiñakunapa yapa-puchu,suma o diferencia de cubos perfectos.
2027,umiñatatki,metro cúbico
2028,umutu,enano
2029,unaka,caramelo
2030,unanchashkata pakta rikuchik,sistema de numeración decimal
2031,unanchay,notación
2032,unayay,tardar
2033,unaypi shamuna pacha,futuro mediato
2034,unkuk,enfermo
2035,upa,mudo
2036,uphiyana,beber
2037,uray,abajo
2038,uray suyu,norte
2039,uraykuy,bajar
2040,urmana,caer
2041,urna ñutuku,cerebro
2042,urpi,tórtola
2043,uru,araña
2044,usa,piojo
2045,usaysapa kuskakuna,lugares con poderes
2046,"ushay, atiy",poder
2047,"ushay, ritimuna",energía
2048,ushaykamakunapash,poderes
2049,ushi,hija
2050,"ushina, charina",adquirir
2051,ushu,burro
2052,ushuhama,nieta
2053,ushuta,alpargates
2054,utik,loco
2055,utikay,locura
2056,utka,rapido
2057,utkachiy,"abreviar, hacer breve"
2058,utku,hueco
2059,uyakuy,obedecer
2060,uyana,oír
2061,uyana,escuchar
2062,uyantin,consonante
2063,uyarichay,poner atencion
2064,uyarik,sonido
2065,uyarikancha yachay,fonología
2066,uyarikuy,"ruido, bulla"
2067,uyaywa,vocal
2068,uyaywak,sonido.
2069,uyaywakancha yachay,fonología.
2070,voz,unanchikrimay
2071,wacha,sábado
2072,wacha puncha,sábado
2073,wachana / pakarina,nacer
2074,wachariy / pakariy,nacimiento
2075,wachi,vector o rayo
2076,wachuchiy,verso
2077,waka,sagrado
2078,waka kuskakuna,lugares sagrados
2079,wakana,llorar
2080,wakarapuku,cuerno musical) instrumento de viento hecho con un cuerno y que sirve a forma de trompeta
2081,wakayachina,conservar
2082,wakaychina,guardar
2083,wakcha,pobre
2084,wakchi,"flecha, lanza, saeta, dardo"
2085,waki,sociedad
2086,waki kawsaymantawankuri,organización socio cultural
2087,wakichina,preservar
2088,wakikamay,sociología
2089,wakimpi,alguna vez
2090,wakin,alguno
2091,wakiy,compartir
2092,waklishka,"dañado, podrido"
2093,waklli,crisis
2094,wakllichik,deterioro
2095,wakllichina,"agravio, danar"
2096,wakra,ganado
2097,waksa,lagartija
2098,waksi,gas
2099,waksisapa,gaseoso
2100,waktana,golpe
2101,waktanakuy,luchar
2102,walaku,rana comestible
2103,walinyana,balancear
2104,wallinku,conejo
2105,wallka,collar
2106,wallpa,"forma, formación"
2107,wallpachi yuyay,teoría creacionista
2108,wallpana,"crear, inventar"
2109,wallpari,"invento, creación"
2110,wallpay,estructura
2111,wallpaykamay,filosofía
2112,walpana,"crear, inventar"
2113,waltaku,pantalón de tela
2114,waman,gavilán
2115,wamintsi,rosado
2116,wampra,"joven, adolescente (varón"
2117,wampuk,"barco, lancha"
2118,wampuk rikutirikancha,puerto marítimo
2119,wampulli,"bote, canoa, velero, barca pequeña"
2120,wampuna,nadar
2121,wampuy,natación
2122,wampuypi shuwakkuna,"piratas, corsario"
2123,wamra,púber
2124,wanachiy,castigar
2125,wanchiy,matar
2126,wankuri,organización
2127,wantu,floripondio
2128,wanu,fertilizante natural
2129,wanyari,evaporación
2130,wara,pantalón de lana
2131,warakay,lanzamiento
2132,waranka,"mil, 1000"
2133,waranka piti,tanto por mil.
2134,warankakri,milésimo.
2135,warankaku,kilogramo
2136,warankawataychi,milenio
2137,waricha/pampawarmi,prostituta
2138,warichakay,prostitucion
2139,warichariy,locura
2140,warmi,"mujer, esposa"
2141,warmi wara,blusa
2142,warmipurakuyay,lesbianismo
2143,"warunruk, chachu",astro
2144,washa,espalda
2145,washa tullu,"columna vertebral, espinazo"
2146,washa tullu ñutuku,médula espinal
2147,washa ñutuku,cerebelo
2148,washarimay,"murmuración, crítica"
2149,washatarimay,murmurar
2150,wasi,casa
2151,wasi allpa rantimanta,bienes y raíces
2152,wasiruraykamay,arquitectura
2153,waska,soga
2154,waskariklla,ritmo
2155,wasra,vino
2156,wata,año
2157,watapacha,calendario
2158,watay wasi,prisión
2159,watayuk,edad
2160,watu,cadena
2161,"watuchina, imashi",adivinar
2162,wawa,niño
2163,wawa chumpi,faja-delgada
2164,wawa kullki kamachik,regla de interés simple.
2165,wawa mama,placenta
2166,wawa ruka,dedo meñique
2167,wawakay,niñez
2168,wawakullki,interés.
2169,wawchiy,influencia
2170,wawki,hermano (entre hermanos
2171,wawkikay,hermandad entre hombres
2172,wayay,oxígeno
2173,waychi,plomo
2174,wayku,"quebrada, barranco"
2175,waykuhaskancha,relieve
2176,waykukaskancha,relieve
2177,waylla,verde
2178,wayllamkay,obrajes
2179,waylluy,ternura
2180,wayna,"joven, amante."
2181,wayra,"aire, viento"
2182,"wayrakata, wayramaytu",atmósfera
2183,wayrayay,volatilidad
2184,wayru,octubre
2185,wayru killa,octubre
2186,wayta,clavel
2187,wañuna,morir
2188,wañuy,muerte
2189,wañuykamachiy,ley de inquisición
2190,wichay,"subida, cuesta"
2191,wichay suyu,sur
2192,wichayana,ascender
2193,wichisuni,alto
2194,wichkachik,paréntesis
2195,wichkak chupa,comilla.
2196,wichkak chupa(w),comilla
2197,wichkashka,encerrado
2198,wika,escremento
2199,wikar,cintura
2200,wiki,lágrima
2201,wikka mayu,"sumo saserdote,.shyry"
2202,wiksa,"barriga, vientre"
2203,wikuriy,flexibilidad
2204,wilka,ritos
2205,wilkana,rito
2206,"wilkana, muchana","adorar, venerar"
2207,wilkay,sagrado
2208,willachik,noticia
2209,willak hillay,medio de comunicación
2210,willak pirka(w),periódico mural
2211,willak yuyay,oración enunciativa
2212,willakpirka,periódico mural.
2213,willana,"avisar, informar"
2214,willayhillay,medio de comunicación.
2215,willaykancha,medios de comunicación
2216,williku,espermatozoide
2217,"wilyay, lumyay",llamarada
2218,winkuchikkuna,paréntesis.
2219,winkuk,llaves.
2220,wirakucha,"rubicundo, pelirojo, rubio"
2221,wisiyay,crema
2222,wisnu,materia
2223,wisya,crema
2224,witikwitik,tambalear
2225,witsyayay,subirse
2226,wiwakamay,ganadería
2227,wiwakuna,animales
2228,wiwika,oveja
2229,"wiwika, llama",oveja
2230,wiña,generación
2231,wiñachina,criar
2232,wiñachishka shimi,neologismo
2233,wiñakukllachak (k),almácigos
2234,wiñana,crecer
2235,wiñari,desarrollo
2236,wiñarikpukyu,"fuente, vertiente"
2237,wiñarina,desarrollar
2238,wiñay,siempre
2239,wiñay kawsay kallaripi rurayta kamay,arqueología
2240,wiñay kawsaykallaripi ruraytakamay,arqueología
2241,wiñaykawsay,historia
2242,wiñaykawsay imakuna,hechos históricos
2243,wiñaykawsay kallariy,prehistoria
2244,wiñaykaysay kallari,inicio de la historia (prehistoria
2245,yachakuna,aprender
2246,yachana,saber
2247,yachana wasi,escuela
2248,yachapayay,dramatización.
2249,yachapayay (w),dramatización
2250,yachariy,estar acostumbrado
2251,yachay,"ciencia, educación"
2252,yachay pampa,area.
2253,yachay ñan,proceso metodológico
2254,yachayay,enterarse
2255,yachaykamachik,ley de educación
2256,yachaykancha,área
2257,yachaykuna,sabiduría
2258,yachaypa hillay,material didáctico
2259,yachaypak hillay,recurso didáctico
2260,yachayruray,práctica
2261,yachayshuti,título
2262,yachayta taripana,dominio del conocimiento.
2263,yachayta taripay,dominio del conocimiento
2264,yachayta wallpay,creación del conocimiento
2265,yachayta willana,socialización del conocimiento
2266,yachayta wiñachiy,creación del conocimiento.
2267,yachaywa,tema.
2268,yachaywa (w),tema
2269,yachaywan rurana,aplicación del conocimiento
2270,yachayyuyay,teoría
2271,yachayñan,metodología
2272,yaksina,fundir
2273,yaksishka,fundido
2274,yaku,agua
2275,yaku ishpa,orina
2276,yaku larka,canal de riego
2277,yaku shunku,hígado
2278,yakuhampik chuyayachik yachuchik,cloración del agua
2279,yakukamay,hidrografía
2280,yakumuyuyallpa,isla (tierra rodeade de agua
2281,yakushushuy,decantación
2282,yakuyachik,disolvente
2283,yakuyachina,disolver
2284,yakuyachiy,derretir
2285,yakuyakkuri,golfo
2286,yakuyashka,líquido
2287,yakwallpa,anfibios
2288,yalli paktachik,complemento directo.
2289,yalli paktachik yp,complemento directo
2290,yallichawpiyak,moda
2291,yallilutsayak,proporción geométrica o directa
2292,yallimanya,cateto mayor.
2293,yallishka,mayor que
2294,yallishka pacha,tiempo pasado
2295,yalliyak pakiyupay,fracción inpropia
2296,yana sara,maíz negro
2297,yana shunku,riñón
2298,yana yana,negro intenso
2299,yanakuna,servidumbre
2300,"yanantina, kutuna, hatun hallmana",aporcar
2301,yanapak wasi,agencia de desarrollo
2302,yanapak wasikuna,instituciones
2303,yanapana,ayudar
2304,yanapanka,servicio
2305,yanapay,"servicio, servir"
2306,yanapayana,solidarizar
2307,yanapayaymanta,solidadaridad
2308,yankakapak,politiquero
2309,yankakichuna,invadir
2310,yankakichuy,invasión
2311,yankichik,agentes
2312,yankina,modificar
2313,"yankina, shukmanyachina",cambiar
2314,yankinachik,agente modificador
2315,yankiy,cambio
2316,yanuna,cocinar
2317,yanuna uku,cocina
2318,yapa tantachiy,conjunto unión
2319,yapakullki,monto
2320,yapakullkina,usura
2321,yapakutinchiklla,frecuencia acumulada
2322,yapalutsay,proporcionalidad directa
2323,yaparikkuna,sumandos
2324,yapatantachi,unión de conjuntos.
2325,yapuk,arador
2326,yari,sentido
2327,yariyachina,2percibir
2328,yarkay,hambre
2329,yawar,sangre
2330,yawar ayllunikiyashka,grados de consanguinidad
2331,yawar muyuri,circulación de sangre
2332,yawarchakruri,mestizaje
2333,yawarmuyuriy,circulatorio sanguíneo
2334,yawarpuriy,presión arterial
2335,yawati,tortuga
2336,yawatisuyu,región insular galápagos
2337,yawri,aguja
2338,yaya,padre
2339,yaya / tayta,"papá, padre"
2340,"yaykuchiy, satiy",introducción (física
2341,yaykuna,entrar
2342,"yukuna, yumana",aparear
2343,yuma,semen
2344,yumariy,unirse sexualmente
2345,yumay,semen
2346,yupachay,cortesía
2347,yupachi,conteo
2348,yupana,contar
2349,yupay chani,valor absoluto o numérico
2350,yupaychana,agradecer
2351,yupaychani,gracias
2352,yupaykamay,matemática
2353,yupaykamay hillaykuna,materiales didácticos de la matemática
2354,yupaykamaychi,sistema numérico
2355,yupaykamaychi yuyay,pensamiento lógico matemático
2356,yupaykamayuk,matemático
2357,yupaykuna,los números
2358,yupaykuska,recta numérica
2359,yupaylli,cuenta bancaria
2360,yupaymillka,esquema numérico
2361,yupaynikichik,calculadora
2362,yupaypurachi,razón
2363,yupayrurayri,operación numérica o aritmética
2364,yura,planta
2365,yurak,blanco
2366,yurak sara,maíz blanco
2367,yurak shunku,pulmón
2368,yurakamak,forestal
2369,yurakuna,plantas
2370,yutay,influencia
2371,yuyakillkalla,carta
2372,yuyakyashka,vejez
2373,yuyana,pensar
2374,yuyarikkuna,reflexiones
2375,yuyarina,reflexionar
2376,yuyasha,cautela
2377,yuyay,pensamieto
2378,yuyay awariy,sintaxis
2379,yuyay kaspi,línea imaginaria
2380,yuyay paktay,unidad de criterio
2381,yuyay rurayri,problemas razonados.
2382,yuyaychipukllay,rompecabezas
2383,yuyaynikik,software
2384,yuyaynina,opinar
2385,yuyaypaktana,concertar.
2386,yuyayrikuchik,determinación o definición
2387,yuyayrina,concentrar
2388,yuyayrina (w),concentrar (mental
2389,yuyu / panra,nabo
2390,zampu,"sambo, calabaza"
2391,zirmaputulli,"bateria, pila"
2392,ñachu,"ya está, ya es"
2393,ñakariy,pasión de placer
2394,ñankamu,guía
2395,ñankamu (w),guía didáctica
2396,ñapash shamuna pacha,futuro inmediato
2397,ñawchina,"auxiliar, cooperar, influenciar, contribuir"
2398,"ñawchina, yanapana",auxiliar
2399,ñawi,"cara, rostro"
2400,ñawi chakata,glándula pineal
2401,ñawi chichu,mejilla
2402,ñawi lulun,ojo
2403,ñawi millma,pestaña
2404,ñawi pata millma,ceja
2405,"ñawirina, killkakatina",leer.
2406,"ñawirina, killkakatina (taller b)",leer
2407,ñawpa,delante (tiempo):
2408,ñawpa kawsay pacha,eras antiguas
2409,ñawpa pachak-watakuna,largos siglos
2410,ñawpa uma tullu,hueso frontal del cráneo
2411,ñawpak,principales
2412,ñawpakawsay imarikuchi kunakamay,vestigios arqueológicos
2413,ñawpakawsayimarikuchi kunakamay,vestigios arqueológicos
2414,ñawpana,adelantar
2415,ñawpanchina,promover.
2416,ñawpanchina (w),promover
2417,ñawpapacha,paleolítico
2418,ñawparimay,"mito, cuento, leyenda"
2419,ñaña,hermana (entre hermanas
