id,Kichwa,Español
1,Abya yala, Continente americano 
2,Abyalami chawchuri rikurimanta, Racismo en América 
3,ACCIDENTES GEOGRAFICOS, ALLPAPI TIYASHKAKUNA 
4,Acequia, Wayku 
5,Achachilasa- ñawpa kawsakkuna kitsil, Antepasados 
6,Achik, Claro- luz 
7,Achik mama, Madrina 
8,Achik wawa, Ahijado- ahijada 
9,Achik yaya / achik tayta, Padrino 
10,Achiksamaytu, Ozono 
11,Achikshumaytu, Ozono 
12,Achikyachina (yuyaymanta), Aclarar 
13,Achikyana (punchamanta), Aclarar 
14,Achka, mucho 
15,Achkak, Suficiente 
16,Ahak, Ofensor 
17,Ahay, Ofender- ofensa 
18,Akapi, Cebada 
19,Akcha, Pelo- cabello 
20,Akcha kara, Cuero cabelludo 
21,Akllashka chani, Muestra Estadística 
22,Akllawarmi, Virgen 
23,Akllay, escoger 
24,Akna, Ceremonia 
25,Akna, Ceremonia 
26,Akukutinchik, Múltiplo del gramo 
27,Akuna, Masticar 
28,Akuy, Vil 
29,Alakay, Alcanzar 
30,Alapana, pegar- adherir 
31,Alaparina, Apegarse- aferrarse 
32,Allana, Excavar 
33,Allawka, Derecha mano 
34,Allawka- alliman, Derecho 
35,Alli, Bien- bueno 
36,Alli maki, Mano derecha 
37,Allichi, adorno 
38,Allichina, Arreglar 
39,Allichiy, Arreglar 
40,Allikachina, Gustar 
41,Allikay, Salud- Bneficio 
42,Allikillkay, Ortografía. 
43,Allikillkay (W), Ortografía 
44,Allimanta, despacio- de buena manera 
45,Allimikuy, Nutrición 
46,Allin, Magnifico 
47,Alliyana, Sanar- curar 
48,Alliyay, Recuperar la salud 
49,Allku, Perro 
50,Allpa, Tierra- suelo 
51,Allpa kara, Corteza terrestre 
52,Allpa khiwa, Hierba rastrera 
53,Allpachawpipacha muyuy, Línea ecuatorial 
54,Allpachinkari, Erosión 
55,Allpachinkariy, Erosión 
56,Allpachukchuy, Temblor 
57,Allpakamay saywachi, Geografía política 
58,Allpakutik, Movimiento de nutación 
59,Allpamama chaska, Planeta tierra 
60,Allpamamakamay, Geografía 
61,Allpamamapi rikuchi, Ubicación Geográfica 
62,Allpampay, Superficie de la tierra 
63,Allpamuyuy, Movimiento de traslación 
64,Allpanpa, Superficial 
65,Allpapacha, Continente 
66,Allpapachakak, Natural 
67,Allpapachapampa, Superficie de la tierra 
68,Allpapachapi tiyak chalwakuna, Recursos Ictiológicos 
69,Allpapachapi tiyak chukikuna, Recursos Mineros 
70,Allpapachapi tiyak yakukuna, Recursos hidrográfico 
71,Allpapachapi tiyak yurakuna, Recursos Forestales 
72,Allpapachapi tiyakuna, Recursos naturales 
73,Allpapiruruy, Movimiento de rotación 
74,Allparantikillka, Escritura 
75,Allpashuyu, Mapa 
76,Allpashuyukamay, Cartografía 
77,Allpawaklliyay, Erosión 
78,Allpawira, Petróleo 
79,Allpawira- Wisisi, Petróleo 
80,Allpawku, Subterráneo 
81,Allpañan, Vía terrestre 
82,Allpañutuchina, Desterronar 
83,Almut, Almud 25 lib 
84,Ama llulla, Honestidad 
85,Amapuna, Traer 
86,Amaru, Serpiente 
87,Amawta, Científico 
88,Amawta yachay, Contenido científico 
89,Amawtay, Ciencia 
90,Amañana, Adaptar 
91,Amañana- yacharina, Adaptar 
92,Amañarina, Adaptarse 
93,Amañariy, Adaptación 
94,Amita, sopa 
95,Ampana, Bostezar 
96,Amsa, Opaco 
97,Amsayana, Ocultar el sol 
98,Amukay, Suavidad 
99,Amulliy, Poner algo en la boca 
100,Ana, Lunar 
101,Anaku, Falda 
102,Anchachilasa- ñawpa kawsakkuna, Antepasados 
103,Anchakuyay, Pasión de vehemencia amorosa 
104,Anchallpa, Globo Terráqueo 
105,Anchallpakamay, Geopolítica 
106,Anchayupay, Importancia 
107,Anchuchina, Quitar- sustraer 
108,Anchuchiy, Quitar 
109,Anchuna, Irse de casa- moverse de sitio 
110,Anchuriy, retirarse 
111,Anchuy, retirada 
112,Anka, Gallinazo 
113,Ankana, Volar 
114,Ankas, Azul 
115,ANKAS TAPA WARA, blue jean 
116,Ankay, ceremonial 
117,Ankichik, Radio emisor 
118,Ankiyachik, Radio receptor 
119,Anku, Vena- arteria 
120,Ankuyana, Marchitarse envecer 
121,Anta, Metal 
122,Antaki, Plomo 
123,Antakullki, Monedas 
124,Antanikik, Computadora 
125,Antanikik chaski, Correo Electrónico 
126,Antapachachik, Reloj mecánico 
127,Antawa, Coche- carro 
128,Antayari, Radio 
129,Antayay, Metalúrgico 
130,Antisuyu, Región Amazónica 
131,Apana, Llevar 
132,Apanakuy, Llevarse - relacionarse 
133,Apankara, Cáncerenfermedad 
134,Apankura, Cáncer signo 
135,Aparikanta, Medios de transporte 
136,Aparina, Cargar 
137,Apariykancha, Medios de transporte 
138,Apay, guiar- conducir 
139,Api, colada- mazamorra 
140,Apuk, ancestros 
141,Apuk, Líder-Autoridad 
142,Apukkuna, Autoridades 
143,Apukkuna tantaripacha, Período de integración 
144,Apukkuna tantatripacha, Período de Integración 
145,Apuktukushka, Emperador 
146,Apunchik, Dios 
147,Apunchikamay, Religión 
148,Apunchikwasi, Iglesia 
149,Apuskachak, soberbio 
150,Apyayala, Continente americano 
151,Apyayalapi chawchuri rikurimanta, Racismo en América 
152,apyu, caballo 
153,Arawik, Poeta 
154,Arena, Thiyu / illul 
155,Arina, Estrenar 
156,Arinichina, Convencer 
157,Arinina, Acceder- consentir 
158,arininakuy, acuerdo- tratado 
159,Arininakuy, Acuerdos- Tratados 
160,Arma, ayñi 
161,Armana, Bañar 
162,Ashanka, Canasto 
163,Ashankayrumpa, Básquet 
164,Ashnana, Oler 
165,Ashtarina, Mobilizarse- transportarse- moverse. 
166,Asichik, hazmereír 
167,Asichisiki, Chistoso 
168,Asina, Reír 
169,Asinayay, chistoso- que causa risa 
170,Asipayak, Burlón 
171,Aspi, Guión 
172,Aspina, rascar- subrayar- 
173,Atallpa, Gallina 
174,Atam, Parásito- 
175,Ataw, Jóvez. 
176,Atawchay, Fortuna 
177,Atawchayuk, Afortunado 
178,Atina, Vencer 
179,Atipay, Conquista 
180,Atiy, Poder 
181,Atsiyana, Estornudar 
182,Atuk, Lobo 
183,Atukamay, Industria 
184,Atukay, Industria 
185,Atukayashka pukuy, Producción industrial 
186,Atyak, Babosa 
187,Awaki, Lunes 
188,AWAKI puncha, Lunes 
189,Awana, Tejer 
190,Awayllamkay, Obraje 
191,Awika, Variedad 
192,Awka, Militar- soldado 
193,Awkakancha, Ejército 
194,Awkarik puncha, Martes 
195,Awkaruna, pagano 
196,Awkawasi, Cuartel 
197,Awki, Principe- noble 
198,Aya Uma, Personaje mitologico que lidera el inti raymi- materializacion de las energias de la Pacha Mama 
199,aycha, carne 
200,Aycha / ukku, Carne- cuerpo 
201,Ayllu, Familia 
202,Ayllu chariy, Poseer familia 
203,Ayllu shuti, Apellidos Antroponimio 
204,Ayllullanikipushak, Monarquía 
205,Ayllumallki, Arbol genealógico 
206,Ayllunikiyashka, Grados de afinidad 
207,Aymuray, Mayo 
208,AYMURAY killa, Mayo 
209,aynikuy, Participación  
210,Aynina, Convivir 
211,Ayninakuy, Participativa 
212,Ayriwa, Abril 
213,AYRIWA killa, Abril 
214,Aysana, Halar- cosechar 
215,aysana, Arrastrar 
216,Ayñi, arma 
217,Añaki, Bacteria 
218,Añanku, Hormiga 
219,Añas, Zorro 
220,Añaw, Virus 
221,Chachina, Masticar 
222,Chakana, Cruzar 
223,Chakariy- Mushukyay, Cruzamiento 
224,Chakata tullu, Clavícula 
225,Chakcha, Alabanza 
226,Chaki, Pie 
227,Chaki ruka, Dedo del pie 
228,Chaki sillu, Uña del dedo del pie 
229,Chaki uku, Planta del pie 
230,Chaki washa, Talon 
231,Chakichina, Secar 
232,Chakina, secar 
233,Chakishka, seco 
234,Chakishkapacha, Sequía 
235,Chakllamanyachi, Paralelogramo 
236,Chaklli, Quìmico 
237,Chakllisinchi, Química 
238,Chakra, Sementera 
239,Chakrakamay, Agricultura- agrícola 
240,Chakrakamay- Allpa llankay, Agricultura 
241,Chakrana, Cultivar 
242,Chakrawiwakamay, Agropecuaria 
243,Chakru, Mixto o combinado 
244,Chakruy, Composición 
245,Challay, Rito 
246,Challay- Wilkay- hawkay, Rito 
247,Challwa, Pez 
248,Challwa kapina, pescar 
249,Challwakamay, Pesca- pesquera- ictiología 
250,Chani, Valor 
251,Chani – kuska, Lugar turístico 
252,Chanichina, Valorar 
253,Chanikuna, Datos 
254,Chanina, Valorar 
255,Chaniyay, Valencia 
256,CHANIYUK, Caro- de valor en dinero 
257,Chanka, Pierna 
258,Chantasu, Llama 
259,Chapak, Policía 
260,Chapak kamaypaktachi, Intendencia de policía 
261,Chapak kamaypaktachi puhak, Comando provincia de policía 
262,Chapak kamaypaktachi puhask, Comando provincia de policía 
263,Chapana, Vigilar 
264,Chapuna, mezclar 
265,Chapuri, Composición  
266,Chapuriy, Combinación 
267,Charik, Rico 
268,Charikyana, Enriquecer- ganar dinero- acumularse 
269,Charina, Tener 
270,Charinayay, Tesoro 
271,Charirashka rumpa, Balón Sostenido 
272,Charirashka yasiy, Balón Sostenido 
273,Charishkata killkakamachiy, Registro de la propiedad 
274,Chashnalla, Solamente asi o de esa manera. 
275,CHASKA puncha, Viernes 
276,Chaska rikuchik, Telescopio 
277,Chaskakancha, Constelación 
278,Chaskancha, Constelación 
279,CHASKI SHUYULLI, Sello postal / Timbre postaL 
280,Chaskichik, Recibo 
281,Chaskik, Relevo 
282,CHASKILLI, Buzón de correo / casillero de correo 
283,Chaskina, Recibir 
284,Chaskinancha, Codominio 
285,Chawa, Crudo 
286,Chawar, Cabuya- Penco 
287,Chawcha, Delicado- fecundo- rápido de madurar 
288,Chawchuy, Origen 
289,Chawpi, Medio-mitad 
290,Chawpi kawsaypacha makanakuy, Guerra medieval 
291,Chawpi pukcha, Medio quintal 
292,Chawpi puncha, Medio día 
293,Chawpi tuta, Media noche 
294,Chawpi wata, Medio año 
295,Chawpi yachay, Segundo Nivel de Educación Media 
296,Chawpihanika, Media fanega 120 lb 
297,Chawpikakuna, Medios 
298,Chawpikuska, Semirrecta 
299,Chawpikutirik, Media geométrica 
300,Chawpina / rakina, Partir 
301,Chawpipampa, Semiplano 
302,Chawpisuyu, Región central 
303,Chawpiyak, Media aritmética 
304,Chawpiyak chanikuna, Medidas de tendencia central 
305,Chawpiyamuk, Mediana 
306,Chawra, Combustible 
307,Chayana, Llegar 
308,Chayllatak, Sinónimo 
309,Chayman, Directo 
310,Chayniyak, Distancia 
311,Chaypikana, Asistir 
312,Chayra, Aun 
313,Chayrak, Todavia 
314,Chayrak ama, Todavia no 
315,Chayshinaya, Copia 
316,Chayshuk, Otro- otra siguiente 
317,Chayshuk kawsay, Otra vida 
318,Chaysinaya, Copia 
319,Chaytalla, solamente 
320,Chaytu, Fantasma 
321,Chichuna, Fecundar 
322,Chika, Tamaño/ verdad 
323,Chikan, Diferente/ raro/ estraño 
324,Chikanchik iñu, Punto aparte. 
325,Chikanchik iñu(W), Punto aparte 
326,Chikanrakikyuk pakiyupaykuna, Fracciones heterogéneas 
327,Chikanyana, Diferenciar 
328,Chikanyay, Diferente o distinto 
329,Chikchichak, coqueto/a 
330,Chikchichay, coquetear- coqueteo 
331,Chiknina, Odiar 
332,Chikta- shara, partido- resquebrajado 
333,Chiktana, Partir- rajar la madera 
334,Chilina, Naranja 
335,Chillay, Miércoles 
336,CHILLAY puncha, Miércoles 
337,Chillka, Chilca 
338,Chimay, Descubrir una adivinanza 
339,Chimiyana, Surgir- emerger- germinar 
340,Chimlasay, Bióxido de carbono 
341,Chimpamanyaypurachi, Seno 
342,Chimpamanyaypurachimuy, Cosecante 
343,Chimpamanyaypuramunchi, Cosecante 
344,Chimpamanyaypuranchi, Seno 
345,Chimpana, Cruzar 
346,Chimpanakuy, Antónimo 
347,Chimpapurachi, Relación 
348,Chimpapuranakuna, debatir 
349,Chimpapuranakuy, Debate 
350,Chimpapuraychiy, Comparación o relacionamiento 
351,Chimpaykuchukuna, Ángulo opuesto por el vértice  
352,Chinaku, Homosexual- gay 
353,Chinawakra, Hembra- femenino para animales 
354,Chinchaysuyu, Norte 
355,Chiniku, Minuto 
356,Chinilla, Segundo 
357,Chinkana, Perderse- desaparecer 
358,Chinkay, Perder 
359,Chinlli, Desayuno 
360,Chiri, Frío 
361,Chirikunuy, Clima 
362,Chirimuya, Chirimoya 
363,Chirina, Hacer frio 
364,Chiriwrku, paramo 
365,Chishi, Tarde 
366,Chita, Chivo- cabra 
367,Chiwila, Piña 
368,Chucha, Rapoza 
369,chuchi, pollo 
370,Chuchu, Seno 
371,chuhama- churipakchuri, Nieto 
372,Chukchina, recoger la sobra 
373,Chukchu unkuy, Paludismo 
374,Chukchuk, Tembloroso 
375,Chukchuna, temblar 
376,Chuki, Mineral 
377,Chukikamay, Minera- minería 
378,Chukillankay, Mitas 
379,Chukllu, Choclo 
380,chukri, herida 
381,Chukrichiy, Herir 
382,Chukrina, Lastimarse 
383,Chukrishka, Herido/a 
384,Chukriy, Herir 
385,Chukriyku, Ulcera 
386,Chuku, casco- celada 
387,Chukuri, Comadreja 
388,Chullachishka kutinkutinchikyuk puchu, Diferencia de exponentes impares 
389,Chullachishka yupay, Número impar 
390,Chullashka kimsamanyachi, Triángulo escaleno 
391,Chullayashka yupay, Número impar 
392,Chullpi, Chulpi 
393,Chumpi, Faja 
394,Chumpiku, Cinta 
395,CHUNKA, diez- 10 
396,CHUNKA SHUK, once- 11 
397,Chunkachik hillay, Material decimal 
398,Chunkachishka yupaychikakunata, Representación polinómica del 
399,Chunkakri, Décimo 
400,Chunkalli, Decimal 
401,Chunkana, Juego de azar 
402,Chunkayllichik, Sistema decimal 
403,Chuntapalashka, Embrujado 
404,Chupu, Tumor 
405,Churana, Ropa- ponerse la ropa- llevar puesto 
406,CHURANAKUNA, VESTIMENTA 
407,Churi, Hijo 
408,Churu, Caracol 
409,Chushak, Vacío 
410,Chushik, Lechuza 
411,CHUSKU, cuatro- 4 
412,CHUSKU CHUNKA, cuarenta- 40 
413,CHUSKU PATSAK, cuatrocientos- 400 
414,Chuskuchishka pampa, Plano bidimensional Cartesiano 
415,Chuskumanyachi, Cuadrilátero 
416,Chuspi, Mosca 
417,Chutana, halar 
418,Chutarik, Elasticidad 
419,Chutarina, Estirarse- ponerse en el suelo 
420,Chuya, Aguado 
421,Chuyaklla yaku, Agua potable 
422,Chuyakllachina, Potabilizar 
423,Chuyakllachiy, Potabilización 
424,Chuyayana, Asear 
425,Chuyayay, Desinfección 
426,Chuyayay(GT), Aseo 
427,Hachun, Nuera- cuñada 
428,Hallmana, Desyerbar 
429,Hampatu, Rana 
430,hampi, curación- medicina 
431,HAMPIK IKAY, Seguro Medico 
432,HAMPIKILLKALLI, Receta Medica 
433,Hampina, Curar 
434,Hampiwasi, Centro de Salud- Hospital 
435,Hamuktana, Entender 
436,Hamutana, Comprender: 
437,Hamutay, Comprensión/ comprender 
438,Hanika, Fanega 
439,Hankana, Desequilibrar 
440,Hankay, Desequilibrio 
441,Hantsa, Páncreas 
442,Hapina, coger- agarrar 
443,Haplla, descomedido 
444,Harkana, Atrancar 
445,Harkana- Kinchana, Cercar 
446,Harkarina, Tolerancia 
447,Harkariy, Atascarse 
448,Harkashka shimiki, Sílabas trabadas. 
449,Hatarikuna, Manifestaciones 
450,Hatariy, Levantamiento 
451,Hatun, Grande 
452,Hatun apuktukushka, Señoríos 
453,Hatun hallmay, Aporque 
454,Hatun hatun runa, gigante 
455,Hatun ishpa / isma, Caca 
456,Hatun kahas, Macizo montaña grande 
457,Hatun kaksas, Macizo montaña grande 
458,Hatun mama, Abuela 
459,Hatun paktay, Objetivo general 
460,Hatun rikuchik, Indicador general 
461,Hatun wankurikuna, Organizaciones nacionales 
462,Hatun yachay, Tercer Nivel de Educación Superior 
463,Hatun yaya / hatun tayta, Abuelo 
464,Hatuna, Vender 
465,HATUNA PAMPA, Mercado 
466,HATUNA WASILLI, Kiosko- chiringuito 
467,Hatunkay, Grandeza 
468,Hatunkillka, Mayúscula 
469,Hatunkucha, Mar 
470,hatunyachanawasi, Universidad 
471,Hawa, Arriba 
472,Hawachiy, alzar 
473,Hawahawalla, Superficialmente 
474,Hawakara, Epidermis 
475,Hawakarak, Epidermico- relativo a la epidermis 
476,Hawalla, Superficial 
477,Hawalla shimiki, Sílaba simple. 
478,Hawallallpa, Suelo 
479,Hawapacha, Espacio- cielo 
480,Hawaykawsay, Civilización 
481,Hawchashka, Ensalada 
482,Hayak, Amargo- hiel- bilis 
483,HAYAK MUYU, Pimienta 
484,HAYTAYPUKLLAY, Futbol 
485,Hayñi, Derecho 
486,Hikama, Jícama 
487,Hillay, Implemento 
488,Hillaykuna, Instrumentos 
489,Hillaysapa, Aparato 
490,HILLI, Sopa 
491,Hita, pozo 
492,Hondonada, Pukru 
493,Huchu kiru, Muela 
494,Huku ukuyayllika, Secreccion endogeno 
495,Hukukanllayay, Secrecion exogeno 
496,Hukurillawsallika, Sistema excretor 
497,Humpi, Sudor 
498,Humpina, Sudar 
499,Hunina, Conjugar 
500,Hunkay, Semana 
501,Hunkay / kanchisri, Semana 
502,Hunta, lleno 
503,HUNU, millón- 1000000 
504,Hutkunantak, Taladro 
505,Huña, Moco 
506,Ichanik, Duda 
507,Ichanik yuyal, Oración dubitativa. 
508,Ichanik yuyay, Oración dubitativa 
509,ILLAK, cero- 0 
510,Illana- mana tiyana, No haber- ausentar 
511,Illapa, Arma de fuego escopeta 
512,Illay, faltar 
513,Ima rikunchikuna, Causa 
514,Imachik, Verbo 
515,Imachik yuyayki, Frase verbal 
516,IMACHIKKUNA, VERBOS 
517,Imak, Sujeto 
518,Imakak, Característica 
519,Imakay, Concepto. 
520,Imakay (W), Concepto 
521,Imakay sapsikuna, Características generales 
522,Imakaychina, Conceptualizar 
523,Imakaychinamanta, Conceptualización 
524,Imallichik, Adverbio 
525,Imamantachiy, Justificación 
526,Imanik, Predicado 
527,Imapash, Cualquier cosa 
528,Imarayku, Causas 
529,Imaruran, Consecuencias 
530,Imaruray, Función 
531,Imashinakan, Formas 
532,Imatukuna, Acontecer. 
533,Imatukuna (W), Acontecer 
534,Imatukuy, Acontecimiento- suceder 
535,Imayay, Materia 
536,Imaykuna, Elementos 
537,Imilla, Adolescente hombre- 
538,Inchi, Maní 
539,Inti, Sol- intipuncha Domingo 
540,Inti llika, Sistema Solar 
541,INTI puncha, Domingo 
542,Inti suyu, Este 
543,Intikinrayllipyay, Solsticios 
544,Intillayayllipyay, Equinoccio 
545,Intillika, Sistema solar 
546,Intiraymi, Fiesta de Sol 
547,Intishayakllipyay, Equinoccio 
548,Intiwayllashka, Fotosíntesis 
549,Ishkantinpurachi, Sobreyectiva 
550,ISHKAY, dos- 2 
551,ISHKAY CHUNKA, veinte- 20 
552,ISHKAY PATSAK, docientos- 200 
553,Ishkaychishka kutinkutinchikyuk yapa, Suma de potencias con exponente par 
554,Ishkaychishka yupay, Número par 
555,Ishkaykillkanancha kutinchiy, Factorización de binomios 
556,Ishkaymanpurachi, Biyectiva 
557,Ishkayniki kallari yachay, Segundo Nivel 
558,Ishkaynikichishka iñu, Par ordenado 
559,Ishkaynipa yuyal, Oración bimembre. 
560,Ishkaynipa yuyay, Oración bimembre 
561,Ishkaypakta kimsamanyaychi, Triángulo isósceles 
562,Ishpa phuru, Vejiga 
563,ISKUN, nueve- 9 
564,ISKUN CHUNKA, noventa- 90 
565,ISKUN PATSAK, novecientos- 900 
566,Ismuwanu, Compost 
567,Isru, Aro 
568,Iwila, Shampoo natural Planta 
569,Iñina, Creer 
570,Iñiy, Creencia- creer 
571,Iñu uchilla suyukuna, Puntos colaterales 
572,Iñuku, Átomo 
573,Iñuwa, Molécula 
574,Kachachik, Imperativo 
575,Kachachik yuyay, Oración imperativa 
576,Kachamuna, Mandar- enviar 
577,Kacharishka, Libre 
578,Kachi, Sal 
579,Kachipurawa, Borraja 
580,Kahaskancha, Cordillera 
581,Kahasmuku, Nudos de cordillera 
582,Kakatsu, Lagaña 
583,Kakchiy, Definición 
584,Kakrikuchina, Describir. 
585,kakrikuchina (W), Describir 
586,Kaksaskancha, Cordillera 
587,Kaksaskuna, Accidentes geográficos 
588,Kaksasmuku, Nudos de cordillera 
589,Kaksasuyu pampa, Area Andina 
590,Kaktarikuchik, Físico Estructura 
591,Kakunamaki, desafío 
592,kakwillay, Certificado 
593,Kakwillay- illu, Certificado. 
594,Kalak, Débil 
595,kalak, Débil 
596,Kallampa, Hongo 
597,Kallanpa, Hongo 
598,Kallari yachay, Primer Nivel de Educación Básica 
599,Kallari yuyay, Introducción 
600,Kallarillaktayku, Primeros pobladores 
601,Kallarinancha, Dominio 
602,Kallariy, Presentación- inicio 
603,Kallariy yachay, Educación Básica. 
604,Kallariyuyay, Presentación 
605,Kallpa, Vigor 
606,Kallpana, Correr 
607,Kallpanakuy, Atletismo 
608,Kallpay, Correr 
609,Kalluwatariy, Trabalengua 
610,kamachashka, protegido 
611,kamachay, Proteger 
612,Kamachik, Legislador- Consejero 
613,Kamachik atiy, Poder Legislativo 
614,Kamachik wasi, Corte superior de justicia 
615,Kamachikamay, Administración 
616,Kamachikkuna, Leyes 
617,Kamachina, Consejo- exhoracion 
618,Kamachipuk, Legislativo 
619,Kamachipuk Tay, Poder Legislativo 
620,Kamachipuy, Legislar 
621,Kamachiy, aconsejar 
622,Kamakay, Higiene 
623,Kamana, Cuidar/ abundancia 
624,Kamanayay, Precaución 
625,Kamari, Regalo 
626,Kamari- Challay, Ofrenda 
627,Kamay, Cuidar/proteccion 
628,Kamay paktachi atiy, Poder Judicial 
629,Kamayku, Evaluación 
630,Kamaykuchiy, Verificación 
631,Kamaykuna, Evaluar 
632,Kamaykurina, Auto evaluar.  
633,Kamaykurina(W), Auto evaluar 
634,Kamaykuriy, Auto-evaluación 
635,Kamaykuy, Evaluación 
636,Kamaypakta, Mandato 
637,Kamayuk, Cuidador- facultades de autoridad 
638,Kamayuk Wasi, Ministerio 
639,Kamikuy, agravio 
640,kamu,  libro 
641,Kamukuska, Biblioteca 
642,Kamuti, Camote 
643,Kamuyachik, Imprenta 
644,Kan, Tú 
645,Kana, Ser / estar 
646,Kancha, Afuera 
647,Kancha shuti, Sustantivo colectivo 
648,Kanchachani milka, Cuadro estadístico 
649,Kanchachani shuyu, Gráfico estadístico 
650,Kanchachanikamay, Estadística 
651,Kanchaman, Hacia fuera 
652,Kanchayashka, Convexo 
653,KANCHIS, siete- 7 
654,KANCHIS CHUNKA, setenta- 70 
655,KANCHIS PATSAK, setecientos- 700 
656,Kankuna / kikinkuna, Ustedes / vosotros 
657,Kanllayay, Externo 
658,Kapak, Diciembre 
659,Kapak apuk, Gobierno 
660,KAPAK killa, Diciembre 
661,Kapak llakta, Reino 
662,Kapak saylla, Meridiano 
663,Kapak shuyu, Mapa político 
664,Kapakchi tantanakuy, Organización política 
665,Kapakchunkana, Ajedréz 
666,Kapakkamay, Política 
667,Kapakllakta, Imperio 
668,Kapakmarka, Imperio- reinado 
669,Kapaktukukamay, Politica 
670,Kapasaylla, Meridiano 
671,Kapisayu, Poncho- alargado y entero Kitukara. 
672,Kapisayu (Kitukara), Poncho- alargado y entero 
673,Kapuk- pukushka, Producto 
674,Kapulli, Capulí 
675,Kara, Corteza- piel- cáscara 
676,Karana, dar regalo. 
677,Karaskruyuwa, Crustáceos 
678,Kari, Hombre 
679,kari atallpa, gallo 
680,Karilla, Gallardo 
681,Karipurakuyay, Homosexualidad 
682,Kariwarmikanakamay, Sexualidad 
683,Karkanka- sakru, Esqueleto 
684,Karkay, Vertebrado 
685,Karu, Lejos 
686,Karuwillay, Telegrama 
687,Karuyari, Teléfono 
688,KARUYARIK WASILLI, Cabina Telefonica 
689,Karwa, Llovizna 
690,KARWAY killa, Agosto 
691,Kasha, Espina 
692,Kashakarayukwa, Equidermos 
693,Kasi, tranquilo- quieto 
694,Kasik, Paz 
695,Kasilla, tranquilidad 
696,kasku, Pecho 
697,Kasku tullu, Esternón 
698,Kaspana, Chamuscar 
699,Kaspi, Palo- Madera 
700,Kaspimakana, espada 
701,Katana- killpana, Cubrir 
702,Katariy, Levantamiento 
703,Kati paktachik, Complemento indirecto. 
704,Katichay, Prosa 
705,Katichina, Imitar. 
706,Katik iñu, Punto seguido. 
707,Katik iñu(W), Punto seguido 
708,Katik paktachik KP, Complemento indirecto 
709,Katikmanyaypurachi, Coseno 
710,Katikmanyaypuramuchi, Secante 
711,Katikmanyaypuramunchi, Secante 
712,Katikmanyaypuranchi, Coseno 
713,Katiknina, Narrar 
714,Katikunkuy- purikunkuy, Epidemia 
715,Katina, Seguir 
716,Katinalla, Modelo 
717,Katinti yupaykuna, Series numéricas 
718,Katisuyu rikuchik iñu, Puntos Colaterales 
719,Katsu, Escarabajo 
720,katuranti, negocio 
721,Katuy, vender 
722,Katuyranti, Feria 
723,Katuyrantin chani, El valor del intercambio 
724,Katuyrantin chani, El valor del intercambio 
725,KAWALLI, lente- gafas 
726,Kawana, Cantar 
727,Kaway, Observación. 
728,Kawchuna, Torcer 
729,Kawi, Rombo 
730,Kawikuk, Romboide 
731,KAWILLI, Camilla 
732,KAWITU-TIYARINA, Mueble 
733,Kawpuna, Torcer 
734,Kawsa marka runa, Nacionalidades. 
735,Kawsakkuna, Seres 
736,Kawsana, Vivir 
737,Kawsay, Cultura- vida 
738,Kawsay killka, Biografía 
739,Kawsay killkamachiy, Registro Civil 
740,Kawsay mallki, Herencia genética 
741,Kawsaykuk, Célula 
742,Kawsaykuktantalli, Tejido 
743,Kawsaymarka, Nacionalidad 
744,Kawsaypacha, Medio ambiente 
745,Kawsaypura, Interculturalidad 
746,Kawsayrikcha, Novela. 
747,Kawsayrikcha W), Novela 
748,Kawsayshuktakayariy, Aculturación 
749,Kawsayta chikipi churashpa, poniéndose en peligro 
750,Kawsayuk, Célula 
751,Kay, Aquí 
752,Kaya, Mañana 
753,Kayachina, Convocar 
754,Kayana, Invitar/ llamar 
755,Kayna, Ayer 
756,Kaytarikuchi, Estados fìsicos 
757,Kaytu, Nervio 
758,khallu, Lengua 
759,Khari, Masculino 
760,Khiwa, Hierva 
761,Khura, Maíz germinado 
762,Khuyana, Amar 
763,Khuzu, Larva de escarabajo 
764,Kichankuy, Cólera 
765,Kichkikuchu, Ángulo agudo 
766,Kichkikuchu kimsamanyachi, Triángulo acutángulo 
767,Kichkikuchu kimsamanyaychi, Triángulo acutángulo 
768,Kichuy, Arrebatar 
769,Kichwa llika, Alfabeto Kichwa 
770,Kikin, Usted 
771,Kikin shuti, Nombre propio 
772,Kikinkuyari, Autoestima 
773,Kikinllatak, Consigo mismo 
774,Kikinmanta, Atentamente 
775,Kikinmutsuri, Autoconsumo 
776,Kikinrimay, Idiolecto 
777,Kikinruray, Costumbres 
778,Kikinyari, Identidad 
779,Kikinyarina, Identificar – apropiar 
780,Kiliki, Quilico 
781,Kilkawana, Redactar 
782,killa, luna 
783,Killa, Mes 
784,Killanturi, Eclipse lunar  
785,Killanturiy, Eclipse lunar 
786,Killapa nikirakiri, Fases de la luna 
787,Killimsa rumi, Carbón de Piedra 
788,Killka kamachik, Regla ortográfica 
789,Killka katina, Leer 
790,Killkakatiyuk, Escritor 
791,Killkana, Escribir 
792,Killkanancha, Término algebraico 
793,Killkananchakamay, Álgebra 
794,Killkananchapurachina, Reducción de términos semejantes 
795,Killkananchaychi, Expresión algebraica 
796,Killkapa unancha, Signo de puntuación. 
797,Killkapa unancha (W), Signo de puntuación 
798,Killkawana, Redactar.  
799,KILLKAYA, Carta 
800,Killkayachay, Tema - teoría 
801,Killkayrimay, Obra literaria 
802,Killpa, Capa 
803,KILLPAK KUSHMA, Sweater- saco 
804,Killu, Amarillo 
805,Killu sara, Maíz amarillo 
806,Kimi killka, Coeficiente o parte literal 
807,Kimi yupay, Coeficiente numérico 
808,Kimina, Acercar 
809,Kiminancha, Coeficiente 
810,Kimirik, Contigüos. 
811,Kimirik kuchukuna, Ángulos contiguos o adiacentes 
812,Kimirishka yuyay, Oración subordinada 
813,Kimiriy, Acercarse 
814,Kimpu / kashtuna, Mandíbula- quijada 
815,Kimraymaya, Hipotenusa 
816,KIMSA, tres- 3 
817,KIMSA CHUNKA, treinta- 30 
818,Kimsa kilkanancha kutinchiy, Factorización de trinomios 
819,KIMSA PATSAK, trecientos- 300 
820,Kimsachishka kullka, Prisma triangular 
821,Kimsachishkapa tawa, Trinomio cuadrado perfecto 
822,Kimsakamachik, Regla de tres 
823,Kimsakamachimuk, Regla de tres inversa 
824,Kimsakamachiyak, Regla de tres simple 
825,Kimsakilkanancha kutinchiy, Factorización de trinomios 
826,Kimsamanyachi, Triángulo 
827,Kimsamanyachikamay, Trigonometría 
828,Kimsamanyapurachi, Relaciones trigonométricas 
829,Kimsaniki kallariy yachay, Tercer nivel de Ed. Básica. 
830,Kimsaniki kallariyachay, Tercer Nivel 
831,Kimsapaktamanyachi, Triángulo equilátero 
832,Kincha, corral 
833,Kinchak, Corchetes. 
834,kinku, Curva 
835,kinkuk, Paréntesis. 
836,Kinraymanya, Hipotenusa 
837,Kinrayshuyu, Función 
838,Kinti, Picaflor 
839,Kinuwa, Quinoa 
840,Kipapakchiruray, Proyecto 
841,Kipapakchiruray yachay, Proyecto de aula 
842,KIPILLI, Paquete 
843,Kiri, Llaga 
844,Kirkinchu / kachikampu, Armadillo 
845,Kiru, Árbol 
846,Kishparik, Independencia 
847,Kishpichina, perdonar 
848,Kishpiripacha, Liberalismo 
849,Kishuar, Quishuar 
850,Kita, Brioso 
851,Kiti, Cantón 
852,Kiti apuk, Jefe Político 
853,Kiti kamaklli, Concejal 
854,Kiti kapachik apuk, Comisario Nacional 
855,Kitikapak, Capital provincial 
856,Kitilli, Parroquia 
857,Kitilli apuk, Teniente Político 
858,Kucha, Lago 
859,Kuchaku, Laguna 
860,Kuchawpi, Bicectriz 
861,Kuchi, Cerdo 
862,Kuchulla, Cerca 
863,Kuchupatay, Grado angular 
864,Kuku- pukchi, Libra 
865,kukulli, Paloma 
866,Kulla, Enero 
867,KULLA killa, Enero 
868,Kullasuyu, Región Sur 
869,Kullka, Prisma 
870,KULLKA puncha, Jueves 
871,Kullkikamak wankuri, Asociación bancaria 
872,Kullkikamak wankuriy, Asociación bancaria 
873,Kullkikamak wasi, Banco- mutua- copo- corporación- financiera 
874,Kullkikamay, Economía 
875,Kullkikamay kamu, Libro contable 
876,Kullkikamay shinayachi, Conmutabilidad bancaria 
877,Kullkikamaychik, Sistema contable 
878,Kullkikikinchik, Póliza 
879,KULLKILLI, Billetes de denominacion baja- pequeños 
880,Kullkimantawankuri, Organización económica 
881,Kullkimashnayachik, Presupuesto 
882,Kullkiminkay kamu, Libro banco 
883,KULLKIPATSAKRI, Impuesto 
884,Kullkirayku hatun tantanakuy, Grandes bloques económico 
885,Kullkirayku llankay, Actividad Económica 
886,Kullkiyuk, Capitalista 
887,Kullku, Tronco 
888,Kulta, Pato 
889,Kumuriy, Inclinarse 
890,Kuna, Dar 
891,Kunakuy, Ofrecer 
892,Kunakyuyayku, Refrán 
893,Kunan, Presente 
894,Kunan pacha, Tiempo presente 
895,Kunan yallishka, Participio 
896,Kunana, Consejo 
897,Kunanyallishka, Participio. 
898,Kunka, Garganta- cuello 
899,Kunka tullu, Nuca 
900,Kunkaklla, Olvidadiso 
901,Kunkallina, Bufanda 
902,Kunkariy, Olvidarse 
903,Kunkashka, olvidado 
904,Kunkay, Olvidar 
905,Kunkaycha, Negligencia- descuido 
906,Kunkaychashka, Descuidado- negligente 
907,Kunkaychay, Descuidar 
908,Kunkaychiy, Omisión- omitir 
909,Kunkaylla, tranquilo- en reposo 
910,Kunkuri, Rodilla 
911,Kunkuriy, arrodillarse 
912,Kuntisuyu, Occidente 
913,Kuntur, Condor 
914,Kunuk, Caliente 
915,Kunuk allpa, Costa 
916,Kunuk yaku, Agua termal 
917,Kunukuy- Killuchakay, Carbohidrato 
918,Kupa, rastrojo 
919,Kupa- ñuku, Basura 
920,Kurikinka, Curiquingue 
921,Kurpa, Masa amasado 
922,Kurpa (chanpa), Terrón 
923,Kurpa- Putuk, Enano 
924,Kurpañutuchi, Desterronamiento 
925,Kuru, Gusano 
926,KURUN ANTA, Motocicleta- moto 
927,Kururuna, Ovillar 
928,Kuruta, Testículo 
929,Kusa, Esposo- marido 
930,Kusana, Asar 
931,Kushi, Alegre 
932,Kushikuy, Emoción 
933,Kushillu, Mono 
934,Kushipatak, Sacerdote 
935,kushiyay, alegria 
936,Kushkapaktay, Puntualidad 
937,Kushma, Camisa 
938,Kushpana, Saltar 
939,Kushpana- Pawana, Saltar 
940,Kuska, Parte- sitio- lugar- dirección 
941,Kuska imallichik, Adverbio del lugar 
942,Kuskallpayku, Subterráneo 
943,Kuskayupay chani, Valor relativo 
944,Kuski, Septiembre- Frondoso- abundancia 
945,KUSKI killa, Septiembre 
946,Kuskina- Hamutayana, Analizar 
947,Kuskunku, Buho 
948,Kutachik, Molinero 
949,Kutana, molino 
950,Kuticharina, Rescatar 
951,Kutichina, Responder 
952,Kutichiy, Responder 
953,Kutin, Vez veces 
954,Kutinchi, Múltiplo. 
955,Kutinchichiy, Factorización 
956,Kutinchik millka, Tabla de frecuencias 
957,Kutinchiklla, Frecuencia absoluta 
958,Kutinchina, Repetir. 
959,Kutinchina(W), Repetir 
960,Kutinchishka yupaykuna, Números múltiplos 
961,Kutinchiy, Multiplicación 
962,Kutinkutinchik, Exponente 
963,Kutinkutinchiy, Potenciación 
964,Kutinkutinmuchiy, Radicación 
965,Kutinkutirik, Base de potencia  
966,Kutinriksina, Reconocer 
967,Kutirichiy, Convertirse 
968,Kutirik, Factor común 
969,Kutirik taripay, Búsqueda del factor común 
970,Kutsana, Rasgar. 
971,Kutsi, Ligero 
972,Kutsiy, Agilidad 
973,Kuwartilla - Ukapa, Cuartilla  +/- 60 lb. 
974,Kuy, Cuy / conejillo de indias 
975,Kuya, Reina- emperatriz- soberana del incario. Señora- dama 
976,Kuyak, Acariciador 
977,Kuyana-, amar 
978,Kuyashka, Amante 
979,Kuyaylla, hermosa- linda 
980,Kuyka, Lombríz 
981,Kuykakamay, Lombricultura 
982,Kuyllur, Asterisco. 
983,Kuytsa, Joven- adolescente mujer 
984,Kuyurihillanta, Máquina 
985,Kuyuy, mover 
986,Lachuri, Hijastro 
987,Ladera, Shayak allpa 
988,Lamama, Madrastra 
989,Lancha, Tizón 
990,Lapani, Hermanastra 
991,Laushi, Hijastra 
992,Lawawki, Hermanastro 
993,Layaya / latayta, Padrastro 
994,Llachak, Vegetal 
995,Llachakamay, Flora 
996,Llachapashka, Remendado 
997,Llachapay, Remendar 
998,Llachapayuk, Remendon 
999,Llaki, Triste 
1000,llaki, tristeza 
1001,Llakichik, Perjuicios 
1002,Llakichik wallpariykuna, Formas de Explotación 
1003,Llakichipacha, La Colonia 
1004,Llakichiy, Explotación 
1005,Llakilla, Triste 
1006,Llakitukuy, Desastre 
1007,Llakta, Pueblo 
1008,Llakta ushay, Democracia 
1009,Llaktakay, Pueblos 
1010,Llaktamanta llukshiri, Migración 
1011,llaktapak ushay, Democracia 
1012,Llaktari allpa, Territorio 
1013,Llaktarimay, Dialecto 
1014,Llaktay, Pueblo. 
1015,Llaktayku, Población 
1016,Llaktushay, Democracia 
1017,Llakushi, Sentimiento 
1018,llama, Llama- oveja 
1019,Llamkaypaktachi, Función rol 
1020,Llamkaywillay, informe 
1021,Llamkayñan, Planificación 
1022,Llampu, Liso 
1023,Llankahillay, Equipos 
1024,Llankamana, inutil 
1025,Llankanauku, Oficina 
1026,Llankanaukuk, Oficinista 
1027,Llankayñan, Planificación 
1028,Llano- campo, Pampa 
1029,Llantu, Sombra 
1030,Llanturiy, Eclipse 
1031,Llapiriy, Presión 
1032,Llashachik, Balanza 
1033,Llashak, Masa y peso 
1034,Llashak tupu, Medida de masa 
1035,Llatanay, Descubrirse- sacarse la ropa 
1036,Llawsayachik, Endòcrino 
1037,Llawsayari, Viscosidad 
1038,Llawtu, Corona- diadema 
1039,Llichayuk, Dichoso 
1040,Llika, Sistema 
1041,Llika yachay wasikuna, Redes Educativas 
1042,Llika- wallpa, Estructura 
1043,Lliwitupu, Radianes 
1044,Lluki, Izquierdo 
1045,Lluki maki, Mano izquierda 
1046,Llullana, Mentir 
1047,llullu, tierno 
1048,Llumpak, Limpio 
1049,Llumpakay, Virginidad 
1050,Llumpakshunku, Castidad 
1051,Llushpichiy, Despegar 
1052,Llutachina, Pegar. 
1053,Llutariy, Magnetismo 
1054,Loma, Tula 
1055,lulun, huevo 
1056,Lumu, Yuca 
1057,Lutsay, Proporción- proporcionalidad 
1058,Lutsaychishpa raki, Reparto proporcional 
1059,Lutsaykumuk, Proporción armónica o inversa 
1060,Lutsaykutinchik, Frecuencia relativa 
1061,Lutsaykuyak, Proporcionalidad inversa 
1062,Lutsaysapayak, Proporcionalidad directa 
1063,Machana, Emborrachar 
1064,Machu, Tuerto 
1065,Makana, Pegar 
1066,Makanakuy, Guerra 
1067,Makanakuy runakuna, Guerreros 
1068,Makay, golpe- pegar- agravio 
1069,maki, mano 
1070,Maki hawa, Palma de la mano 
1071,Maki ruka, Uña del dedo de la mano 
1072,Maki washa, Dorso de la mano 
1073,Maki-watana, Manilla- pulsera 
1074,Makillina, Guante 
1075,Makimañachi, Colaboración mutua 
1076,Makimañachiy, Prestación de mano para el trabajo 
1077,Makimañashpa, una mano de ayuda 
1078,Makimañay, Pedir la mano para casarse 
1079,Makipakchiruray, Artesanía 
1080,Makirumpay, Voleibol 
1081,Makirurashka, Manualidad 
1082,Makiruray, Artesanía 
1083,Makiruraykamay, Artesanía 
1084,Makiyasiy, Voleibol 
1085,Maklluy, Peligro 
1086,Maklluy (GT), Peligro 
1087,Mallina, Probar- saborear 
1088,Mama, Madre- mamá 
1089,Mama chanka, Muslo 
1090,Mama chumpi, Faja-madre 
1091,Mama kullki kamachi, Regla de interés 
1092,Mamakamachik, Constitución 
1093,Mamakucha, Océano 
1094,Mamakullki, Capital 
1095,Mamallakta, País 
1096,Mamallakta kallaripa tantanakuy, Asamblea Constituyente 
1097,Mamallakta kawsay kallari, Vida Republicana 
1098,Mamallakta Michari, Defensa Nacional. 
1099,Mamallakta pura kapak kamay, Política Exterior 
1100,Mamallaktachiy, Estado 
1101,Mamallaktapa apukwasi, Palacio de Gobierno 
1102,Mamallaktapa haylli, Himno Nacional 
1103,Mamallaktapa kapak, Nacionalista 
1104,Mamallaktapak tantanakuy, Estado 
1105,Mamallaktapura kullkikulka, Fondo Monetario Internacional FMI 
1106,Mamayakunta mintalay, Comercio Marítimo 
1107,Mana alli, Mal- malo 
1108,Mana rikshka antakuna, Los Ovnis 
1109,Mana riksishka, Extraño 
1110,Mana tukurik, Infinito 
1111,Manahaykapash, Nunca jamas 
1112,Manapakiyak yupay, Número irracional 
1113,Manapipash, nadie- ninguno 
1114,Manarak Turuwan makiruray pacha, Período Precerámico 
1115,Manashuwak, Honrado 
1116,Manañakcharishka, Despinado 
1117,Manchay, temer 
1118,Manllariy, Asustarse 
1119,Manllay, Temer- tener miedo 
1120,Manuchaskiy, Cobrar 
1121,Manya, Borde- lado 
1122,Manyaku, Cateto 
1123,Manyakupurachi, Tangente 
1124,Manyakupuramuchi, Cotangente 
1125,Manyakupuramunchi, Cotangente 
1126,Manyapikakkuna, Extremos 
1127,Manyatupu, Perímetro 
1128,Manña, Borde- orilla 
1129,Mapayashka, Obseno 
1130,Mapayay, Pornografía 
1131,Marka kamachik, Prefecto 
1132,Markakamachiklli, Consejero provincial 
1133,Markapuk, Gobernador 
1134,Masha, Yerno- cuñado 
1135,Mashi, Amigo 
1136,Mashipurari, Relación mutuo 
1137,Mashkaychani, Incógnita 
1138,Mashnayachi, Conocimiento de cantidad o cálculo 
1139,Mashnayachina, Calcular 
1140,Mashnaykuna, Cantidad  
1141,Mashu- chimpilaku, Murciélago 
1142,Mashuwa, Mashua 
1143,maskana, buscar 
1144,Maskaypacha, corona 
1145,MASMA YACHAK, Ingeniero 
1146,Masmana, Construir 
1147,Masmay, Armar 
1148,Mawkana, Usar 
1149,May kutinchikuna, Productos notables 
1150,May mutsuri, Importantes 
1151,May rakikuna, Cocientes notables 
1152,Mayalli, Indispensable 
1153,Maychani- raymana, Importancia 
1154,Mayhatun, Macro 
1155,Maykanpash, Cualquiera 
1156,Maykutinchikuna, Productos notables 
1157,Maymachariy, Alcoholismo 
1158,Maymutsurik, Importante 
1159,Maymutsuriy- Maychaniy, Importancia 
1160,Maypakchiruray, Arte 
1161,Mayrakikuna, Cocientes notables 
1162,Mayu, Río 
1163,Mayuchilla, Micro 
1164,Maywa, Morado- violeta 
1165,Maywana, enamorar 
1166,Maywana- Munayana, Enamorar 
1167,Mañana, Pedir 
1168,Mañay, Solicitud 
1169,Mi si, Gato 
1170,Michachikanyay, Descomposición de la energía 
1171,Michina, Pastar 
1172,Mika- mati, Plato de madera 
1173,Miklla, Treinta libras 
1174,Mikuna, Comer 
1175,Mikuy- mikuna, Alimento 
1176,Milchina, Manipular 
1177,Milchina- llanwana, Palpar 
1178,Milchinay, Experimentar 
1179,Milka, Párrafo- cuadro 
1180,Milkachishka, killka Cuadro sinóptico. 
1181,Milkachishka killka(W), Cuadro sinóptico 
1182,Milkakinrayshuyu, Histograma 
1183,Millanayay, Feo 
1184,Millaymakay, 
1185,Millkashuyu, Gráfico de barras 
1186,Milluku, Melloco 
1187,Minchakama, Despedida Próxima ocasión 
1188,Minchayana, Despedirse. 
1189,Minchayana (W), Despedirse 
1190,Minkana, Encargar 
1191,Minkarik, Huesped 
1192,Mintala, comerciante 
1193,Mintalana, Comercializar 
1194,Mintalanayay, Comercializaciòn 
1195,Mintalay, Comercio 
1196,Mintu, Pirámide 
1197,Mirachina, Aumentar 
1198,Mirachina (W), Reproducir 
1199,Mirana, Aumentar- producir- 
1200,Mirka, Paño- mancha de la cara 
1201,Mishanakuy, Competencia 
1202,Mishay, Ganr- competir 
1203,Mishki, Dulce 
1204,Mishu, mestizo 
1205,Mishuma uchu, Ají menos picante 
1206,Mitsa, Verruga 
1207,Mitsak, Mezquino 
1208,Mitsana, Mezquinar 
1209,Miyuchina- Mapayachina, Contaminar 
1210,Miyuwayra, Anhídrido Carbónico 
1211,Miyuy, Contaminación 
1212,Miyuy wanu, Fertilizante Químico 
1213,Miyuychi, Contaminaciòn 
1214,Montaña- cerro, Urku 
1215,Monte- bosque- selva, Sacha 
1216,Muchana, Besar 
1217,Muchiku, Sombrero 
1218,Muksi, Oxido 
1219,Muku, nudo 
1220,Muku, Articulación 
1221,Munana, Querer 
1222,Munanayay, Deseo carnal 
1223,Munapayay, Desear con locura 
1224,Munarishka, Aficionado 
1225,Munay, deseo 
1226,Munay killka, Escritura de expresión libre 
1227,Munay yachay, Auto estudio. 
1228,MUNAYMANTA RURAY, Hobby- pasa tiempo 
1229,Muntira, Gorra 
1230,Murtiñu, Mortiños 
1231,Muru unkuy, Sarampión 
1232,Muru- añawi, Fruto 
1233,Muruchu, Morocho 
1234,MURUKUNA, PRODUCTOS AGRÍCOLAS- granos 
1235,Mushuk, Nuevo 
1236,Mushukpacha, Neolítico 
1237,Mushukyachinalla, Renovable 
1238,Muskuna, Soñar 
1239,Musparina, Desvariar 
1240,Musyana, preveer 
1241,Musyana- kipakrikuna, Prever 
1242,Musyay, Prevención- temer- tener miedo 
1243,Mutilon, Motilones 
1244,Mutsukmanta, Necesariamente 
1245,Mutsuna, Necesitar 
1246,Mutsuri killkanancha kutinchi, Productos notables 
1247,Mutsurik, Útil 
1248,Mutsushka, Necesitado- menesteroso 
1249,Mutsuy, Uso 
1250,Mutsuy, Necesitar 
1251,Mutsuypa, Utilidad 
1252,Muyu, Semilla 
1253,Muyuna, Rodear 
1254,Muyuntin, Alrededor 
1255,Muyuntintupu, Medida del círculo 
1256,Muyuriy, Giro 
1257,Muyuy Rimay, Mesa redonda 
1258,Muyuy tupu, Perímetro de la circunferencia 
1259,Muyuykuchu, Ángulo de giro 
1260,Muyuypacha, Ciclo 
1261,Muyuyrimay, Mesa redonda. 
1262,Muyuyshuyu, Gráfico de pasteles 
1263,Muyuytupu, Longitud de la circunferencia 
1264,Nanay, Dolor 
1265,Nankay, Equilibrio 
1266,Napaykuna, Saludos 
1267,Niki, Orden 
1268,NIKICHIK, Ordenador- computadora- pc 
1269,Nikichina, Ordenar- Organizar 
1270,Nikirakiri, Fase 
1271,Nikiyupay, Números ordinales 
1272,Nikiyupaykuna, Números ordinales 
1273,Nikyachay, Teorema 
1274,Nimaykan, ninguna 
1275,Nina, Fuegollama- candela 
1276,Nina kuru, Luciérnaga 
1277,Ninayay- rupariy, Combustión 
1278,Nipa, Elemento 
1279,Nipakutichi, Intersección. 
1280,Nipapurachi, Correspondencia- relación 
1281,Nipayay, Componente 
1282,Nishani, Autodeterminación 
1283,Nuna, Espíritu- alma 
1284,Pacha, Tiempo y espacio 
1285,Pacha imallichik, Adverbio de tiempo 
1286,Pacha shuktayay, Fenómeno natural 
1287,Pacha tupuk, Reloj 
1288,Pachachik, Reloj 
1289,Pachachik- sayllachik, Reloj 
1290,Pachakutik pacha, Renacimiento 
1291,Pachamama, Mundo 
1292,Pachamamapi tiyak, Recurso natural 
1293,Pachamamapi tiyakkuna, Recursos naturales 
1294,Pachanyachiy, Fomento 
1295,Pachapi tiyak chimpaykuna, Teoría de la relatividad. 
1296,Pacharikuy, Cosmovisión.  
1297,Pacharikuy(W), Cosmovisión 
1298,Pachatupu, Medida de tiempo 
1299,Pachaykamay, Física 
1300,Pakana, Esconder 
1301,Pakarikuy, Velar 
1302,Pakarina, Amanecer 
1303,Pakashka, escondido 
1304,Pakay, Huabo 
1305,Pakcha, cascada 
1306,Pakchi, Técnica 
1307,Pakchiruray, Tecnología 
1308,Pakchirurayachay, Taller 
1309,Pakiriklla, Frágil 
1310,Pakiy, Romper en pedazos- destrozar 
1311,Pakiyupay, Número racional 
1312,Pakpayu, Aves 
1313,Paktachani, Ecuación o Igualdad de valores 
1314,Paktachay, justicia 
1315,Paktachichin, Responsabilizar. 
1316,Paktachichina, Responsabilizar 
1317,Paktachik, Responsable 
1318,Paktachik kuchu, Ángulo complementario 
1319,Paktachik tantachishka, Conjunto complementario 
1320,Paktachikkuna, Propiedades o relaciones 
1321,Paktachikuna, Propiedades 
1322,Paktachiriy, Asumir responsabilidad 
1323,Paktachiy, Responsabilidad 
1324,Paktak, Suficiente 
1325,Paktakamu, Libro mayor 
1326,Paktakuchu, Ángulo recto 
1327,Paktakuchu kimsamanyachi, Triángulo rectángulo 
1328,Paktakuyuy- waskariklla, Ritmo 
1329,Paktalla kawsay, Equidad de género 
1330,Paktama, Jeme 
1331,Paktamanya, Cateto menor 
1332,Paktanancha, Resultado 
1333,Paktapuchu, Diferencia simétrica 
1334,Paktara, Cuidado 
1335,Paktaraki, Divisibilidad. 
1336,Paktarakikyuk pakiyupaykuna, Fracciones homogéneas 
1337,Paktarakikyupay, Máximo común divisor 
1338,Paktarakirikyupay, Mínimo común múltiplo 
1339,Paktay, Objetivo 
1340,Paktayachay, Currículo 
1341,Paktayashka, Equivalente 
1342,Paktayuyay, Definición 
1343,Paku, Café 
1344,Pal anta, Plátano 
1345,Palama- itha- Añallu, Insecto 
1346,Palamamiyu, Insecticida 
1347,Pallana, Cosechar 
1348,Pallay, Cosechar 
1349,Palta, Aguacate 
1350,Paltarikkuska, Barra 
1351,Pamaway, Cosmos 
1352,Pamaway nipa, Elemento Cósmico 
1353,Pamawayak, Cósmico 
1354,Pamawyri, cósmico 
1355,Pampa, Planicie 
1356,Pampa shuyukuna, Figuras planas 
1357,Pampallpa, Llanura 
1358,Pampawarmi, Prostituta 
1359,Panchi, Febrero 
1360,PANCHI killa, Febrero 
1361,Pani, Hermana hermano a hermana 
1362,Pankakullki, Billetes 
1363,PANKALLI, Documento de identificacion- documento pequeño 
1364,Panta, confuso 
1365,Pantano- ciénega, Wampu allpa 
1366,Pantay, confusion 
1367,Papa, Patata 
1368,Papaya, Papaya 
1369,PARANA, demorar- durar en Imbabura 
1370,Parkuna, Regar 
1371,Paruk, Pulmón 
1372,Pascal kutinkutinchi, Esquema de Paskal 
1373,Paskakuchu, Ángulo obtuso 
1374,Paskakuchu kimsamanyaychi, Triángulo obtusángulo 
1375,Paskama, Cuarta 
1376,Paskama-ukapa, Cuarta de mano 
1377,Paskana, Abrir 
1378,Paskarikra, Braza longitud 
1379,Paskay, Abrir 
1380,Pasña, Adolescente mujer 
1381,Pata millma, Vello púvico 
1382,Pata tullu, Hueso púvico 
1383,Patarina, Doblar. 
1384,Patay, Grado sexagecimal 
1385,Patayak:, Tramo 
1386,Patayay, Tramo 
1387,Patayayku, Intervalo- recorrido- rango 
1388,Patayku, Minutos angulares 
1389,Pataykulla, Segundos angulares 
1390,Patpa, pluma 
1391,Patpay, Emplumar 
1392,PATSAK, cien- 100 
1393,Patsak piti, Tanto por ciento 
1394,Patsakri, Porcentaje 
1395,Patsakri shutichi, Notación porcentual 
1396,Patsakri shutichiy, Notación porcentual 
1397,Patsakrikrapampa, Cuadra 
1398,Patsaktatkipampa, Hectárea 
1399,Patsakwata, Siglo 
1400,Pawana, Volar 
1401,pawkar, marzo 
1402,Pawkar, Marzo 
1403,PAWKAR killa, Marzo 
1404,Pay, Ella 
1405,Paya, Vieja 
1406,Paya mama, Anciana 
1407,Paya ruka, Dedo pulgar 
1408,Payku, Payco 
1409,Paykuna, Ellas 
1410,Payllashka, pagado 
1411,Payllay, Pagar 
1412,Paypachik, Pertenencia 
1413,Paypaknay, Pertencer 
1414,Peña, Haka 
1415,Phacha, Sábana 
1416,Phallkala, Sien 
1417,Phanka, Hoja 
1418,Phankalla, Liviano 
1419,Phatsayana, Separar 
1420,Phawachik anku, Nervio 
1421,Phintu, Manta- trapo 
1422,Phintu ushuta, Medias 
1423,Pichay, Limpia 
1424,Pichay- chuyay- mayllay, Limpieza- aseo 
1425,PICHKA, cinco- 5 
1426,PICHKA CHUNKA, cincuenta- 50 
1427,PICHKA PATSAK, quinientos- 500 
1428,Piki, Pulga 
1429,Pillis, Piojo del cuerpo 
1430,Pillpintu, Mariposa 
1431,Pimill, Alga acuática 
1432,Pinkay, Vergüenza 
1433,Pinkullu, Tobillo 
1434,Pinllu, Lechero 
1435,Piruri, Rol 
1436,Piruru, Disco 
1437,Pirway, Diagramación 
1438,Pirwayay, Maqueta 
1439,Pirámide natural-, Kutama 
1440,Pishiyak pakiyupay, Fracción propia 
1441,Pishiyashka, Menor que 
1442,Pishku, Pájaro- ave 
1443,Pishku- Patpayuk, Ave 
1444,Piti, poco 
1445,Pitikuska, Segmento 
1446,Pitina- kuchuna, Cortar 
1447,Pituy, Deseo amoroso 
1448,Pityuk- Chuskulli pukcha, Arroba 
1449,piñakuy, enfadado 
1450,piñana, enfadarse 
1451,Piñashka, Enojado 
1452,Plumaje, Patpasapa 
1453,Policia, Chapak 
1454,Puchu, Diferencia 
1455,Puchu tupati, Cabo de vela 
1456,Puchuy, extraño 
1457,Puka, Rojo 
1458,Puka sara, Maíz rojo 
1459,Pukara, Lugares sagrados – centros ceremoniales 
1460,Pukcha, Quintal 
1461,Pukchiku, Onza 
1462,Pukllana, Jugar 
1463,Pukllay, Deporte 
1464,Pukpu, Litro- botella 
1465,Pukshay akllay kamachik, Tribunal Electoral 
1466,Puku, Plato 
1467,Pukuk, Soplador 
1468,Pukukuk, Productivo 
1469,Pukukun, Fecundo- fertil 
1470,Pukuna, Cerbatana 
1471,Pukushka, encantado 
1472,Pukuy, Producción 
1473,Pukuyay, Madurez 
1474,Pukyu, Vertiente 
1475,Pullkanka, Escudo 
1476,Pullkankayuk, Escudero 
1477,Puma, Puma 
1478,Puma-maki, Pumamaqui 
1479,Punasuyu, Región Sierra 
1480,puncha, día 
1481,Punchaklla, Claro 
1482,Punchankamu, Libro diario 
1483,Punchanta kawsay, Vida cotidiana 
1484,Punchayakun, alba 
1485,Puntu, Vasija 
1486,Pupu, Ombligo 
1487,Puray, Relación 
1488,Purichihallmay, Segunda desyerbe 
1489,Purik, Caminante 
1490,Purikacha, Paseo 
1491,Purina, Caminar 
1492,Purun, Llanura abandonada 
1493,Purun wiwa, Animal silvestre 
1494,Purutu, Fréjol 
1495,PUSAK, ocho- 8 
1496,PUSAK CHUNKA, ochenta- 80 
1497,PUSAK PATSAK, ochocientos- 800 
1498,Pusakkamay, Dirección 
1499,Pushak, Lider 
1500,Pushakakllay, Tribunal 
1501,Pusku- hatki, Ácido 
1502,Pusku- putuku, Espuma 
1503,Putiha, Unidad fundamental de la fanega 
1504,Putika, Botija 12-5 lib 
1505,Putitupu, Medida de volumen 
1506,Putu, Galón 
1507,Putuk, Trapecio 
1508,Putukuk, Trapezoide 
1509,Puyuy, Evaporación 
1510,Puzun, Estómago 
1511,Puñuna, Dormir 
1512,Puñuyllak, Insomnio 
1513,Raka, Vagina 
1514,? rakacha, Zanahoria 
1515,Rakacha, Zanahoria 
1516,Rakikyupay, Denominador 
1517,Rakikyupaykuna, Números divisores 
1518,Rakinakuy, Distribución 
1519,Rakinchi, Submúltiplo 
1520,Rakiri, Parte- sección 
1521,Rakirikuska, Partes 
1522,Rakirikyupay, Numerador 
1523,Raku, Grueso 
1524,Raku chunchulli, Intestino grueso 
1525,Raku kushma, Abrigo 
1526,Raku purutu, Porotón 
1527,Rakuyay, Grosor o espesor 
1528,Rantimpana, Intercambiar. 
1529,Rantimpayni, Reciprocidad. 
1530,Rantina, Comprar 
1531,Rantinpa pankakuna, Documentos comerciales  
1532,Rantinpak- ayni, Reciprocidad 
1533,Rantinpaktak, Conmuntativa 
1534,Rantinpanka, Factura 
1535,Rantinpankaku, Tarjeta de crédito 
1536,Ranziyu, Gringos- ingleses 
1537,Ranziyukunapak mamallakta, País Anglosajona 
1538,Rasu, Sólido agua 
1539,Rasuyay, Solidificación agua 
1540,Ratata, Fuego energía 
1541,Ratata allpa, Pólvora 
1542,Ratata urku, Fuego del volcán 
1543,Rawmay, Podar 
1544,Rawrana, Arder 
1545,Rawranay Kaspikuchuna Kapak, caballero de la ardiente espada 
1546,Rayku, ocasion 
1547,Raymi, Junio- fiesta 
1548,RAYMI killa, Junio 
1549,razu, nevado 
1550,Rikcha, Semejanza 
1551,Rikcha, Semejanza- congruencia 
1552,Rikcha kutirik, Factor común 
1553,Rikchachani, Valor semejante 
1554,RIKCHAK, Foto 
1555,Rikchak, Foto- fotografía- semejante 
1556,RIKCHAKMAYTU, carrete de fotos- rollo de pelicula para fotos 
1557,Rikchay/Suyu, figura 
1558,Rikchayachiy, Genética 
1559,Rikra, Brazo 
1560,Rikra uku, Axila 
1561,Rikramuku, Codo 
1562,Riksi, Conocido 
1563,Riksichik Yuyay, Presentación 
1564,Riksichikyuyay, Presentación. 
1565,Riksina, Conocer 
1566,Riksiri, Identidad persona 
1567,Riksishka, Conocido 
1568,Rikuchi, Manifestación 
1569,Rikuchik ruka, Dedo índice 
1570,Rikuchikkuna, Indicadores 
1571,Rikuchina, Exponer 
1572,Rikuchishuyu, Pictograma o icono 
1573,Rikuchiy, índice 
1574,Rikuna, Mirar 
1575,Rikurayana, Controlar 
1576,Rikurik, Vista- que se ha visto 
1577,Rikuypacha, Paisaje 
1578,Rimak, Hablante 
1579,Rimana, Relatar- hablar 
1580,Rimanakuna, Dialogar 
1581,RIMARIKUNA, Expresiones- conversaciones 
1582,Rimayachakuy, Seminario 
1583,Rimaykachay, Discurso 
1584,Rimaytaki, Copla 
1585,Rinri, Oreja- oído 
1586,Rinri kuru, Caracol del oído 
1587,Rinrina, Arete 
1588,Ripana, Ir 
1589,RIPANKALLI, boleto o ticket de avion- tren- autobus 
1590,Ritimuna, Energía 
1591,Ritirina kuska, Lugares energéticos 
1592,Ritiwayra, Energía eòlica 
1593,Ritiy, Energía 
1594,Ruka, Dedo 
1595,Ruku, Viejo 
1596,Ruku yaya / ruku tayta, Anciano 
1597,Rukutu uchu, Ají picante 
1598,Rumiyashka, Fósil 
1599,Runa, Ser humano 
1600,Runakak, Ser humano 
1601,Runapachakay, Humanidad 
1602,RUNAPAK AYCHA, EL CUERPO HUMANO  
1603,Runashina, Personaje 
1604,Runayay pacha yuyay, Evolución del hombre 
1605,RUNPAKI, Pelota de futbol 
1606,Ruparishka, Quemadura 
1607,Rupariykuna, Combustión 
1608,Rurakay, Deber hacer- obligacion 
1609,Rurana, Aplicar 
1610,Rurarayana, Ejercitar. 
1611,Rurarayana (W), Ejercitar 
1612,Rurarayay, Ejercitar 
1613,Rurashkayuyay, Antecedente 
1614,Ruray, Función- edificar- construir 
1615,Ruray paktachi, Rol función 
1616,Ruraykatichiy, Programa agenda 
1617,Rurayri ñan, Proceso operativo 
1618,RURUKUNA, FRUTAS 
1619,Ruwana, Poncho 
1620,Río, Mayu 
1621,Sacha, Selva 
1622,Sacha wiwa, Animal silvestre. 
1623,Sachana, Forestar 
1624,Sachayu, Silvestre 
1625,Sakina, Abandonar- dejar 
1626,Sakiriy, Quedarse 
1627,Sakishka, Abandonado- dejado 
1628,Sakma, Bofetada 
1629,Sakmay, Abofetear 
1630,Sakra, brujo 
1631,Sakrachiy, Hacer brujería 
1632,Sakray, Embrujar- hechizar- echar maleficios 
1633,Saksana, Hartar 
1634,Salliy, Azufre 
1635,Samana, Descansar 
1636,Samay, Aliento- respiración 
1637,Samaytu, Aura 
1638,Sami, Variedad- clase 
1639,Saminay, Herencia 
1640,Saminchashka, Bendito 
1641,Saminchay, Bendecir viene de la tradición de la cosecha 
1642,Samiyachiy, Clasificación 
1643,Sanka, Cerco- excavaciòn 
1644,Sanku, Espeso 
1645,Sapalla, Viudo- viuda 
1646,Sapalla nipapurachi, Correspondencia biunívoca 
1647,Sapalla rikcha kutirik, Factor común monomio 
1648,Sapalla shuti, Sustantivo individual 
1649,Sapallu, Sapallo 
1650,Sapan, Cada quien - cada uno 
1651,Sapan kawsaykuna, Racismo 
1652,Sapansami chain, Población Estadística 
1653,Sapansami chani, Población Estadística 
1654,Sapapurachi, Inyectiva 
1655,Sapi, Raiz 
1656,Sapsi, Características 
1657,Sapsi- imakay, Característica 
1658,Sapsikuna, Características 
1659,Sara, Maíz 
1660,Saran, Rendija 
1661,Sarun / kaynapak kayna, Anteayer 
1662,Sasa yuyay, Oración compuesta. 
1663,Sasa yuyay (GT), Oración compuesta 
1664,Sasak, Dificil 
1665,Sasamanta, Dificilmente 
1666,Sasasapa, Dificultad 
1667,Sasi, Noviembre 
1668,SASI killa, Noviembre 
1669,Satina, meter 
1670,Satirishka, metido- metiche 
1671,SAWARINA WARMI, Novia- prometida 
1672,Saylla, Hora 
1673,Sayllachik, Horario 
1674,Sayllachikancha, Husos Horarios 
1675,sayni, Lila 
1676,Saywa, Lindero- límite 
1677,Sayway, limitacion 
1678,Sañukata, Tejado 
1679,Shanu- uki, Cafécolor 
1680,Shayak, Vertical 
1681,Shaykushka, cansado 
1682,Shayri, Tabaco 
1683,Shayriyay, Tabaquismo 
1684,Shañu- kiwi, CaféPlanta 
1685,Shikra, Bolso- cartera 
1686,Shikshi, Comezón 
1687,shimi, boca 
1688,Shimi kamachik, Gramática 
1689,Shimi kara, Labio 
1690,Shimi kiru, Diente 
1691,Shimi millma, Bigote Barba 
1692,Shimiki, Sílaba 
1693,Shimiku, Morfema 
1694,Shimiku yuyay awariy, Morfosintaxis 
1695,Shimikukancha yachay, Morfología 
1696,Shimininakuy, Prometerse mutuamente 
1697,Shiminishka, Promesa 
1698,Shiminiy, Prometer 
1699,Shimisapa, chismoso 
1700,Shimiyari, Relación 
1701,Shimiyuk kamu, Diccionario 
1702,Shina, Ejemplo 
1703,Shina imallichik, Adverbio de modo 
1704,Shinalla- rikchalla, Parecido a 
1705,Shinashinalla, Sencillo 
1706,Shipir, Cuña 
1707,Shiray, Droga 
1708,Shitana, Arrojar- tirar 
1709,Shiwi, Anillo 
1710,SHUK, uno- 1 
1711,Shuk patay paktachani, Ecuación de primer grado 
1712,Shukkuna, Unos 
1713,Shukllamanta nipapurachi, Correspondencia univoca 
1714,Shukllayashka, Unidad 
1715,Shukniki kallari yachay, Primer Nivel 
1716,Shukniki Patayay, Primer Tramo 
1717,Shuknipa yuyay, Oración unimembre 
1718,Shukta charik tantanakuykuna, Potencias dominantes 
1719,Shuktak, otro 
1720,Shuktakkuna, Otros 
1721,Shuktayachik, caso 
1722,Shuktayay, Derivados 
1723,Shukyachina, Fusionar 
1724,Shukyachishka, Unificado grafía 
1725,Shunku, Núcleo- corazón 
1726,Shunku ruka / chawpi ruka, Dedo del corazón- dedo del medio 
1727,Shunku yuyay(W), Idea central 
1728,Shunkuna, Humildad 
1729,Shunkushka, presentimiento 
1730,Shunkuyuk, Humilde 
1731,Shunkuyuyay, Intención 
1732,Shushuna, Filtrar 
1733,Shutikuna, Nomenclatura 
1734,Shutillatak, Verdadero/a 
1735,Shutilli, Adjetivo 
1736,Shutintak, en verdad 
1737,SHUTIPAK RANTIKUNA, PRONOMBRES PERSONALES  
1738,shutipi (llaktapak shutipi), Representación 
1739,Shutiranti, Pronombre 
1740,Shutiy, verdad 
1741,Shuwana, Robar 
1742,Shuyay, esperar 
1743,Shuyu, Imagen- dibujo- gráfico 
1744,Shuyu nikichik, Ordenador gráfico 
1745,Shuyuchik chakata, Rosa de los vientos 
1746,Shuyutupukamachi, Sistema geométrico 
1747,Shuyutupukamay, Geometría 
1748,Shuyutupukamaychi, Sistema geométrico 
1749,Shuyutupumanya, Figura geométrica 
1750,Siki, Nalga 
1751,Siki tullu / siki chupa tullu, Coxis 
1752,Siki utuku, Ano 
1753,Siklla, gentil 
1754,Sinchi, Duro 
1755,Sinchi aycha, Músculo 
1756,Sinchi rumi, Solido 
1757,Sinchi rumpa, Esfera sólida 
1758,Sinchi wiru, Cilindro sólido 
1759,Sinchikay, Resistencia 
1760,Sinchikuy, Esfuerzo 
1761,Sinchiruna, valiente 
1762,Sinchiyachik, Acentuación/ atrevido 
1763,Sinchiyachik unancha, Signo de exclamación 
1764,Sinchiyachiy, Atreverse 
1765,Sinchiyashka, Dureza 
1766,Sinchiyay, Solidificación 
1767,Sinchiyuyana, razon 
1768,Sinchiyuyarishka, Razonado 
1769,Sinka, Nariz 
1770,Sinka utuku, Fosa nasal 
1771,SINKANKU, Elefante 
1772,Sirana, Coser 
1773,Sirik, Horizontal 
1774,Sirina, Acostar 
1775,Sirma, Electricidad 
1776,Sirpa, Traicion 
1777,Sirpak, Traidor 
1778,Sirpashka, traicionado 
1779,Sirpay, Traicionar 
1780,Sisa, Flor 
1781,Siti, Muñeco 
1782,Sitwa, Julio 
1783,SITWA killa, Julio 
1784,Suchu, Paralítico 
1785,SUKTA, seis- 6 
1786,SUKTA CHUNKA, sesenta- 60 
1787,Sukta pakta umiña, Cubo o exaedro 
1788,SUKTA PATSAK, seiscientos- 600 
1789,Suktachishka tiksi umiña, Poliedro hexagonal 
1790,Suktachishka umiña, Poliedro hexagonal. 
1791,Suku, Gris- carrizo 
1792,Sulka-kitilli, Parroquia. 
1793,Sulka-kitilli (W), Parroquia 
1794,Sumak, Bonito- hermoso- bello- rico- excelente 
1795,Sumak Killka, Caligrafía 
1796,Sumak kuska, Zona- lugar turística 
1797,Sumak kuskakamay, Turismo 
1798,Sumak kuskakuna, Lugares turísticos 
1799,Sumak Napaywan, Saludos cordiales 
1800,Sumak rimariy, Literario 
1801,Sumak rimay yachay, Literatura. 
1802,Sumak rimayachak, Literato 
1803,Sumak rimayachay, Literatura 
1804,Sumak rimaysami, Género literario. 
1805,Sumak rimaysami (W), Genero literario 
1806,Sumak yupay, Honra- honor 
1807,Sumakillka, Caligrafía. 
1808,Sumakyachik rimay, Figura literaria 
1809,Sumakyachik yura, Planta ornamental 
1810,Sumakyachina, Respeto- respetuoso 
1811,Sumaychana - muchana, Respetar 
1812,Sumaychay, Respeto 
1813,Suni, Longitud 
1814,Sunikuchu, Ángulo llano o plano 
1815,Sunisuytu, Regla o regleta. 
1816,Sunitupu, Medida de longitud 
1817,Suniwachi, Jabalina 
1818,Suniyachik kuchu, Ángulo suplementario 
1819,Suniyak, Línea 
1820,Sunka-, Barba 
1821,Sunkana- tsunkana, Absorber 
1822,Sunturpawkar, lanza 
1823,Supa- pakpa- karachi, Fibracabuyo 
1824,Surkuy, Sacar 
1825,Suytuyashka kullka, Prisma rectangular 
1826,Suyu, Región 
1827,Suyu rikuchik iñu, Puntos cardinales 
1828,Suyuta rikuchik anta, Brújula 
1829,Taki, Música 
1830,Takina, Cantar 
1831,Takina, Tocar musica 
1832,Takiwayrariy, Aeróbico 
1833,Takzu, Tacso 
1834,Tallpa, camisa 
1835,Talpa, Blusa 
1836,Tampu, Posta 
1837,Tampul, Desorden 
1838,Tampulyachay, Conocimiento desordenado 
1839,Tanapay, Ayudar- favor 
1840,Tantachi unancha, Signo de agrupación. 
1841,Tantachina, Agrupar 
1842,Tantachipakta, Asociativa. 
1843,Tantachishka, Conjunto 
1844,Tantachishka tantariy, Unión de conjuntos 
1845,Tantachishkakunapa kutinchipaktachi, Propiedades de la intersección 
1846,Tantachishkakunapa sami, Clases de conjuntos 
1847,Tantachishkakunata paktachiy, Complementación de conjuntos 
1848,Tantachishkakunata raki, Partición de conjuntos. 
1849,Tantachishkakunata rakiy, Partición de conjuntos de conjuntos 
1850,Tantachishkakunata tukuyyachi, Complementación de conjuntos. 
1851,Tantachishkamanta anchuchi, Diferencia de conjuntos 
1852,Tantachishkapa yapaypaktachikuna, Propiedades de la unión o adición 
1853,Tantachishkata kutinkutinchi, Conjunto potencia. 
1854,Tantachishkata kutinkutinchiy, Conjunto potencia 
1855,Tantachiy, Agrupación- recoger 
1856,Tantachiy rurayri, Unión de conjuntos 
1857,Tantachiy unancha, Signo de agrupación 
1858,Tantachiyachay, Unidad Didáctica 
1859,Tantallalawsay, Reino 
1860,TANTALLI, Panecillo- pan pequeño 
1861,Tantanakuy, Organización 
1862,Tantari yachaypa yupay, Número de la unidad. 
1863,Tantarikillka, Acta. 
1864,Tantariku, Subconjunto 
1865,Tantarimanta killka, Acta 
1866,Tantarinakuy, Asamblea 
1867,Tantariypa niki, Orden del día 
1868,Tapuk shutiranti, Pronombre interrogativo 
1869,Tapuk yuyay, Oración interrogativa 
1870,Tapuy, preguntar 
1871,Tapuykutichina, Entrevistar 
1872,Tapyaruna, Mago 
1873,Tapyay, Embrujar 
1874,Tarina, Encontrar 
1875,Taripana, Examen 
1876,Taripana., Investigar. 
1877,Taripapuk, Juez 
1878,Taripay, averiguar 
1879,Taripayhapi, Descubrir 
1880,Taririklla Paktachik, Complemento Circunstancial 
1881,Tarpuna, Sembrar 
1882,Tarpuy, Sembrar 
1883,Tarpuymirariy, Implementación 
1884,Taruka, Venado 
1885,Taslla, Elegante 
1886,Tatki, Minuto 
1887,Tatki chumpiku, Cinta métrica 
1888,Tatkikutinchi, Múltiplo del metro 
1889,Tatkirakinchi, Submúltiplo del metro 
1890,Tawa, Cuadrado 
1891,Tawakunapa puchu, Diferencia de cuadrados. 
1892,Tawantin, Precisión 
1893,Tawantinsuyu, imperio 
1894,Tawasampa, Corona grande de plumas de guacamayo 
1895,Tawasuyu, Puntos cardinales 
1896,Tawatatki, Metro cuadrado 
1897,Tawayashka kullka, Prisma cuadrangular 
1898,Tawka, mucho- bastante- montón 
1899,Tawka kawsay, Pluricultural 
1900,Tawka kilkanancha kutinchichiy, Factorización de polinomios en general 
1901,Tawka rikcha kutirik, Factor común polinomio. 
1902,Tawri, Chocho 
1903,Tay, Gol 
1904,Terrón, Kurpa 
1905,Thuka, Saliva 
1906,Tierra, Allpa 
1907,Tierra blanca, Yurak allpa 
1908,Tierra estéril, Tsala allpa 
1909,Tierra fértil, Alli allpa 
1910,Tierra negra, Yana allpa 
1911,Tierra roja, Puka allpa 
1912,Tikrak shimiki, Sílaba inversa 
1913,Tikrana, Volver 
1914,Tikratarpuy, Reforestaciòn 
1915,Tikray, Traducir- convertirse 
1916,Tiksi, Base o básico. 
1917,Tiksi yachaykuna, Contenidos básicos 
1918,Tiksi yuyay, Fundamentación. 
1919,Tiksitupu, Unidad de medida fundamental 
1920,Tiksiy, Fundar 
1921,Tiksiyay mutsuykuna, Servicios básicos 
1922,Tinkina, Unir 
1923,Tinkirik yuyay, Oración coordinada 
1924,Tinkuchik, Concordancia 
1925,Titi, Plomo 
1926,Titichaska, Minerales 
1927,Titu, Acrobacia 
1928,Tituyashka, Gimnasia 
1929,Tiya mama, Tía 
1930,Tiyak, Existe 
1931,Tiyak chanikunata paktachik, Balance situacional 
1932,Tiyak yupay, Número natural 
1933,Tiyashkata rikuchik, Balance de comprobación 
1934,Tiyay, Posición 
1935,Tiyu yaya / tiyu tayta, Tío 
1936,Tsawar, Penco 
1937,Tsia, Huevo de parásito- liendra 
1938,Tsiklla, Recto 
1939,Tsiknina, Odiar 
1940,Tsini, Ortiga 
1941,Tsini kuru, Larva 
1942,Tsunka, Sorbete 
1943,Tsunkana, Chupar: 
1944,Tukapu, Prenda de gala de Mujer 
1945,Tuku- putu-, Tronco 
1946,Tukuchina- Puchukana, Consumir 
1947,Tukuchiy, Conclusión 
1948,Tukuna, Disfraz 
1949,Tukuraya, Generalidades 
1950,Tukurik, Finito. 
1951,Tukurik tantachishka, Conjunto finito 
1952,Tukurina, acabar- terminar 
1953,Tukuriy, Fin 
1954,Tukushka, Efecto 
1955,Tukuy Hillaykuna, Aparatos de Medición 
1956,Tukuy shuti, Nombre común 
1957,Tukuy yupaychi, Números reales 
1958,Tukuyllikuna, Generalidades 
1959,Tukuyta shukllayachik, Globalización 
1960,Tukuyyashka yupay, Número entero 
1961,Tukyana, Erupcionar 
1962,Tukyay, Explotar 
1963,Tullillak, Invertebrado 
1964,Tullpu, Color 
1965,TULLPUKUNA, COLORES 
1966,Tullpushka, Teñido 
1967,Tullu, Hueso 
1968,Tullupaki, Fractura 
1969,Tulukancha, Vivero 
1970,Tunkuri, Esófago 
1971,Tupu, Medida 
1972,Tupukamaychi, Sistema de medida 
1973,Tupuna, Medir 
1974,Tupuy, Medida 
1975,Turi, Hermano harmana a hermano 
1976,Turu, Lodo 
1977,Turuwan makiruray pacha, Período Formativo 
1978,Tushuna, Danzar 
1979,tuta, noche 
1980,Tuta suyu, Oeste 
1981,Tutamanta, Madrugada 
1982,Tutamikuy, cenar 
1983,Tutayana, Anochecer 
1984,Tutura, Totora 
1985,Uchilla, Pequeño 
1986,Uchilla killka, Letra minúscula 
1987,Uchilla tatki, Segundo 
1988,Uchillakillka, Minúscula. 
1989,Uchillayachishka yuyay, Resumen. 
1990,Uchillayachishka yuyay (W), Resumen 
1991,Uchu, Ají 
1992,Uka, Oca 
1993,Ukku, Cuerpo humano 
1994,Ukkukara Kuruta, Cutáneo 
1995,Ukkukuyuchik, Extremidad 
1996,Ukkukuyurikancha, Motricidad 
1997,Ukkukuyuykamay, Cultura Física 
1998,Ukkunanchachiy, Expresión corporal 
1999,Ukkupa kuskaritimuna, Chakradel cuerpo humano 
2000,Ukkurupay, Fiebre 
2001,Ukkuskayku, Aparato 
2002,Ukkuyawri, Órgano 
2003,Ukllana, Abrazar 
2004,Ukllay, Abrazar 
2005,uksha, paja 
2006,Uku, Dentro 
2007,Uku kushma, Camiseta 
2008,Ukucha, Ratón 
2009,Ukumari, Oso 
2010,Ukunpuray, Interrelación  
2011,Ukururu, Berro 
2012,Ukuyashka, Cóncavo 
2013,Ulku, Machoanimalesjh 
2014,Ullu, Pene 
2015,uma, cabeza 
2016,Uma ruka, Dedo de la cabeza- anular 
2017,Uma tullu, Cráneo 
2018,Umachi, Engaño 
2019,Umachik, traidor- engañador 
2020,Umachiy, engañar 
2021,Umachuku, visera 
2022,Umamuskuy, fantasia 
2023,Umayarina, Sensopercepción 
2024,Umayuyana, Imaginar 
2025,Umayuyay, Imaginacion 
2026,Umiña, Cubo o exaedro. 
2027,Umiñakunapa yapa-puchu, Suma o diferencia de cubos perfectos. 
2028,Umiñatatki, Metro cúbico 
2029,Umutu, enano 
2030,Unaka, Caramelo 
2031,Unanchashkata pakta rikuchik, sistema de numeración decimal 
2032,Unanchay, Notación 
2033,Unayay, tardar 
2034,Unaypi shamuna pacha, Futuro mediato 
2035,unkuk, enfermo 
2036,Upa, Mudo 
2037,Uphiyana, Beber 
2038,Uray, Abajo 
2039,Uray suyu, Norte 
2040,Uraykuy, Bajar 
2041,Urmana, Caer 
2042,Urna ñutuku, Cerebro 
2043,Urpi, Tórtola 
2044,Uru, Araña 
2045,Usa, Piojo 
2046,Usaysapa kuskakuna, Lugares con poderes 
2047,Ushay- atiy, Poder 
2048,Ushay- Ritimuna, Energía 
2049,Ushaykamakunapash, Poderes 
2050,Ushi, Hija 
2051,Ushina- charina, Adquirir 
2052,Ushu, Burro 
2053,ushuhama, Nieta 
2054,Ushuta, Alpargates 
2055,Utik, loco 
2056,Utikay, locura 
2057,Utka, rapido 
2058,Utkachiy, Abreviar- hacer breve 
2059,Utku, Hueco 
2060,Uyakuy, Obedecer 
2061,Uyana, Oír 
2062,Uyana, Escuchar 
2063,Uyantin, Consonante 
2064,Uyarichay, poner atencion 
2065,Uyarik, Sonido 
2066,Uyarikancha yachay, Fonología 
2067,Uyarikuy, Ruido- bulla 
2068,Uyaywa, Vocal 
2069,Uyaywak, Sonido. 
2070,Uyaywakancha yachay, Fonología. 
2071,Voz, Unanchikrimay 
2072,Wacha, Sábado 
2073,WACHA puncha, Sábado 
2074,Wachana / pakarina, Nacer 
2075,Wachariy / pakariy, Nacimiento 
2076,Wachi, Vector o rayo 
2077,Wachuchiy, Verso 
2078,Waka, Sagrado 
2079,Waka kuskakuna, Lugares sagrados 
2080,Wakana, Llorar 
2081,Wakarapuku, Cuerno musical Instrumento de viento hecho con un cuerno y que sirve a forma de trompeta 
2082,Wakayachina, Conservar 
2083,Wakaychina, Guardar 
2084,Wakcha, Pobre 
2085,Wakchi, flecha- lanza- saeta- dardo 
2086,Waki, Sociedad 
2087,Waki kawsaymantawankuri, Organización Socio cultural 
2088,Wakichina, Preservar 
2089,Wakikamay, Sociología 
2090,Wakimpi, Alguna vez 
2091,Wakin, Alguno 
2092,Wakiy, Compartir 
2093,Waklishka, Dañado- podrido 
2094,Waklli, Crisis 
2095,Wakllichik, Deterioro 
2096,Wakllichina, agravio- danar 
2097,Wakra, Ganado 
2098,Waksa, Lagartija 
2099,Waksi, Gas 
2100,Waksisapa, Gaseoso 
2101,Waktana, Golpe 
2102,Waktanakuy, Luchar 
2103,Walaku, Rana comestible 
2104,Walinyana, Balancear 
2105,Wallinku, Conejo 
2106,Wallka, Collar 
2107,Wallpa, Forma- formación 
2108,Wallpachi yuyay, Teoría creacionista 
2109,Wallpana, Crear- inventar 
2110,Wallpari, Invento- creación 
2111,Wallpay, Estructura 
2112,Wallpaykamay, Filosofía 
2113,Walpana, Crear- inventar 
2114,Waltaku, Pantalón de tela 
2115,Waman, Gavilán 
2116,Wamintsi, Rosado 
2117,Wampra, Joven- adolescente varón 
2118,Wampuk, Barco- lancha 
2119,Wampuk rikutirikancha, Puerto marítimo 
2120,WAMPULLI, Bote- canoa- velero- barca pequeña 
2121,Wampuna, Nadar 
2122,Wampuy, Natación 
2123,Wampuypi shuwakkuna, Piratas- corsario 
2124,Wamra, Púber 
2125,Wanachiy, Castigar 
2126,Wanchiy, Matar 
2127,Wankuri, Organización 
2128,Wantu, Floripondio 
2129,Wanu, Fertilizante natural 
2130,Wanyari, Evaporación 
2131,Wara, Pantalón de lana 
2132,Warakay, Lanzamiento 
2133,WARANKA, mil- 1000 
2134,Waranka piti, Tanto por mil. 
2135,Warankakri, Milésimo. 
2136,Warankaku, Kilogramo 
2137,Warankawataychi, Milenio 
2138,Waricha/Pampawarmi, prostituta 
2139,Warichakay, Prostitucion 
2140,Warichariy, Locura 
2141,Warmi, Mujer- esposa 
2142,Warmi wara, Blusa 
2143,Warmipurakuyay, Lesbianismo 
2144,Warunruk- chachu, Astro 
2145,Washa, Espalda 
2146,Washa tullu, Columna vertebral- espinazo 
2147,Washa tullu ñutuku, Médula espinal 
2148,Washa ñutuku, Cerebelo 
2149,Washarimay, Murmuración- crítica 
2150,Washatarimay, Murmurar 
2151,wasi, Casa 
2152,Wasi allpa rantimanta, Bienes y raíces 
2153,Wasiruraykamay, Arquitectura 
2154,Waska, Soga 
2155,Waskariklla, Ritmo 
2156,Wasra, Vino 
2157,Wata, Año 
2158,Watapacha, Calendario 
2159,Watay wasi, Prisión 
2160,Watayuk, Edad 
2161,Watu, Cadena 
2162,Watuchina- imashi, Adivinar 
2163,Wawa, Niño 
2164,Wawa chumpi, Faja-delgada 
2165,Wawa kullki kamachik, Regla de interés simple. 
2166,Wawa mama, Placenta 
2167,Wawa ruka, Dedo meñique 
2168,Wawakay, Niñez 
2169,Wawakullki, Interés. 
2170,Wawchiy, Influencia 
2171,Wawki, Hermano entre hermanos 
2172,Wawkikay, hermandad entre hombres 
2173,Wayay, Oxígeno 
2174,Waychi, Plomo 
2175,Wayku, Quebrada- barranco 
2176,Waykuhaskancha, Relieve 
2177,Waykukaskancha, Relieve 
2178,Waylla, Verde 
2179,Wayllamkay, Obrajes 
2180,waylluy, ternura 
2181,Wayna, Joven- amante. 
2182,Wayra, aire- viento 
2183,Wayrakata- wayramaytu, Atmósfera 
2184,Wayrayay, Volatilidad 
2185,Wayru, Octubre 
2186,WAYRU killa, Octubre 
2187,Wayta, Clavel 
2188,Wañuna, Morir 
2189,Wañuy, Muerte 
2190,Wañuykamachiy, Ley de inquisición 
2191,Wichay, Subida- cuesta 
2192,Wichay suyu, Sur 
2193,Wichayana, Ascender 
2194,Wichisuni, Alto 
2195,Wichkachik, Paréntesis 
2196,Wichkak chupa, Comilla. 
2197,Wichkak chupa(W), Comilla 
2198,Wichkashka, Encerrado 
2199,Wika, Escremento 
2200,Wikar, Cintura 
2201,Wiki, Lágrima 
2202,Wikka mayu, Sumo saserdote-.Shyry 
2203,Wiksa, Barriga- vientre 
2204,Wikuriy, Flexibilidad 
2205,Wilka, Ritos 
2206,Wilkana, Rito 
2207,Wilkana- muchana, Adorar- venerar 
2208,Wilkay, Sagrado 
2209,Willachik, Noticia 
2210,Willak hillay, Medio de comunicación 
2211,Willak pirka(W), Periódico mural 
2212,Willak yuyay, Oración enunciativa 
2213,Willakpirka, Periódico mural. 
2214,Willana, Avisar- informar 
2215,Willayhillay, Medio de Comunicación. 
2216,Willaykancha, Medios de comunicación 
2217,Williku, Espermatozoide 
2218,Wilyay- lumyay, Llamarada 
2219,Winkuchikkuna, Paréntesis. 
2220,Winkuk, Llaves. 
2221,Wirakucha, Rubicundo- pelirojo- rubio 
2222,WISIYAY, Crema 
2223,Wisnu, Materia 
2224,Wisya, Crema 
2225,Witikwitik, Tambalear 
2226,Witsyayay, Subirse 
2227,Wiwakamay, Ganadería 
2228,WIWAKUNA, ANIMALES 
2229,Wiwika, Oveja 
2230,Wiwika- Llama, Oveja 
2231,Wiña, generación 
2232,Wiñachina, Criar 
2233,Wiñachishka shimi, Neologismo 
2234,Wiñakukllachak (K), Almácigos 
2235,Wiñana, Crecer 
2236,Wiñari, Desarrollo 
2237,Wiñarikpukyu, Fuente- vertiente 
2238,Wiñarina, Desarrollar 
2239,Wiñay, Siempre 
2240,Wiñay kawsay kallaripi rurayta kamay, Arqueología 
2241,Wiñay kawsaykallaripi ruraytakamay, Arqueología 
2242,Wiñaykawsay, Historia 
2243,Wiñaykawsay imakuna, Hechos históricos 
2244,Wiñaykawsay kallariy, Prehistoria 
2245,Wiñaykaysay kallari, Inicio de la historia prehistoria 
2246,Yachakuna, Aprender 
2247,Yachana, Saber 
2248,YACHANA WASI, Escuela 
2249,Yachapayay, Dramatización.  
2250,Yachapayay (W), Dramatización 
2251,Yachariy, Estar acostumbrado 
2252,Yachay, Ciencia- educación 
2253,Yachay pampa, Area. 
2254,Yachay ñan, Proceso metodológico 
2255,Yachayay, enterarse 
2256,Yachaykamachik, Ley de Educación 
2257,Yachaykancha, Área 
2258,Yachaykuna, Sabiduría 
2259,Yachaypa hillay, Material didáctico 
2260,Yachaypak hillay, Recurso didáctico 
2261,Yachayruray, Práctica 
2262,Yachayshuti, Título 
2263,Yachayta taripana, Dominio del conocimiento. 
2264,Yachayta taripay, Dominio del conocimiento 
2265,Yachayta wallpay, Creación del conocimiento 
2266,Yachayta willana, Socialización del conocimiento 
2267,Yachayta wiñachiy, Creación del conocimiento. 
2268,Yachaywa, Tema. 
2269,Yachaywa (W), Tema 
2270,Yachaywan rurana, Aplicación del conocimiento 
2271,Yachayyuyay, Teoría 
2272,Yachayñan, Metodología 
2273,Yaksina, Fundir 
2274,Yaksishka, Fundido 
2275,Yaku, Agua 
2276,Yaku ishpa, Orina 
2277,Yaku larka, Canal de riego 
2278,Yaku shunku, Hígado 
2279,Yakuhampik Chuyayachik Yachuchik, Cloración del agua 
2280,Yakukamay, Hidrografía 
2281,Yakumuyuyallpa, Isla tierra rodeade de agua 
2282,Yakushushuy, Decantación 
2283,Yakuyachik, Disolvente 
2284,Yakuyachina, Disolver 
2285,Yakuyachiy, derretir 
2286,Yakuyakkuri, Golfo 
2287,Yakuyashka, Líquido 
2288,Yakwallpa, Anfibios 
2289,Yalli paktachik, Complemento Directo. 
2290,Yalli paktachik YP, Complemento Directo 
2291,Yallichawpiyak, Moda 
2292,Yallilutsayak, Proporción geométrica o directa 
2293,Yallimanya, Cateto mayor. 
2294,Yallishka, Mayor que 
2295,Yallishka pacha, Tiempo pasado 
2296,Yalliyak pakiyupay, Fracción inpropia 
2297,Yana sara, Maíz negro 
2298,Yana shunku, Riñón 
2299,Yana yana, Negro intenso 
2300,Yanakuna, servidumbre 
2301,Yanantina- kutuna- hatun hallmana, Aporcar 
2302,Yanapak wasi, Agencia de desarrollo 
2303,Yanapak wasikuna, Instituciones 
2304,Yanapana, Ayudar 
2305,Yanapanka, servicio 
2306,Yanapay, Servicio- Servir 
2307,Yanapayana, Solidarizar 
2308,Yanapayaymanta, Solidadaridad 
2309,Yankakapak, Politiquero 
2310,Yankakichuna, Invadir 
2311,Yankakichuy, Invasión 
2312,Yankichik, Agentes 
2313,Yankina, Modificar 
2314,Yankina- Shukmanyachina, Cambiar 
2315,Yankinachik, Agente modificador 
2316,Yankiy, Cambio 
2317,Yanuna, Cocinar 
2318,Yanuna uku, Cocina 
2319,Yapa tantachiy, Conjunto unión 
2320,Yapakullki, Monto 
2321,Yapakullkina, Usura 
2322,Yapakutinchiklla, Frecuencia acumulada 
2323,Yapalutsay, Proporcionalidad directa 
2324,Yaparikkuna, Sumandos 
2325,Yapatantachi, Unión de conjuntos. 
2326,Yapuk, Arador 
2327,Yari, Sentido 
2328,Yariyachina, 2Percibir 
2329,Yarkay, hambre 
2330,Yawar, Sangre 
2331,Yawar ayllunikiyashka, Grados de consanguinidad 
2332,Yawar Muyuri, Circulación de sangre 
2333,Yawarchakruri, Mestizaje 
2334,Yawarmuyuriy, Circulatorio sanguíneo 
2335,YAWARPURIY, Presión Arterial 
2336,Yawati, Tortuga 
2337,Yawatisuyu, Región Insular Galápagos 
2338,Yawri, Aguja 
2339,Yaya, Padre 
2340,Yaya / tayta, Papá- padre 
2341,Yaykuchiy- satiy, Introducción física 
2342,Yaykuna, entrar 
2343,Yukuna- yumana, Aparear 
2344,Yuma, Semen 
2345,Yumariy, unirse sexualmente 
2346,Yumay, Semen 
2347,Yupachay, Cortesía 
2348,Yupachi, Conteo 
2349,Yupana, Contar 
2350,Yupay chani, Valor absoluto o numérico 
2351,Yupaychana, Agradecer 
2352,Yupaychani, Gracias 
2353,Yupaykamay, Matemática 
2354,Yupaykamay hillaykuna, Materiales didácticos de la matemática 
2355,Yupaykamaychi, Sistema numérico 
2356,Yupaykamaychi yuyay, Pensamiento lógico matemático 
2357,Yupaykamayuk, Matemático 
2358,Yupaykuna, Los números 
2359,Yupaykuska, Recta numérica 
2360,YUPAYLLI, Cuenta Bancaria 
2361,Yupaymillka, Esquema numérico 
2362,Yupaynikichik, Calculadora 
2363,Yupaypurachi, Razón 
2364,Yupayrurayri, Operación numérica o Aritmética 
2365,Yura, Planta 
2366,Yurak, Blanco 
2367,Yurak sara, Maíz blanco 
2368,Yurak shunku, Pulmón 
2369,Yurakamak, Forestal 
2370,YURAKUNA, PLANTAS 
2371,Yutay, Influencia 
2372,Yuyakillkalla, Carta 
2373,Yuyakyashka, Vejez 
2374,Yuyana, Pensar 
2375,Yuyarikkuna, Reflexiones 
2376,Yuyarina, Reflexionar 
2377,Yuyasha, Cautela 
2378,Yuyay, Pensamieto 
2379,Yuyay awariy, Sintaxis 
2380,Yuyay kaspi, Línea imaginaria 
2381,Yuyay paktay, Unidad de criterio 
2382,Yuyay rurayri, Problemas razonados.  
2383,Yuyaychipukllay, Rompecabezas 
2384,Yuyaynikik, Software 
2385,Yuyaynina, Opinar 
2386,Yuyaypaktana, Concertar. 
2387,Yuyayrikuchik, Determinación o definición 
2388,Yuyayrina, Concentrar 
2389,Yuyayrina (W), Concentrar mental 
2390,Yuyu / panra, Nabo 
2391,Zampu, Sambo- calabaza 
2392,ZIRMAPUTULLI, Bateria- pila 
2393,Ñachu, ya está- ya es 
2394,Ñakariy, Pasión de placer 
2395,Ñankamu, Guía 
2396,Ñankamu (W), Guía didáctica 
2397,Ñapash shamuna pacha, Futuro inmediato 
2398,Ñawchina, Auxiliar- cooperar- influenciar- contribuir 
2399,Ñawchina- yanapana, Auxiliar 
2400,Ñawi, Cara- rostro 
2401,Ñawi chakata, Glándula pineal 
2402,Ñawi chichu, Mejilla 
2403,Ñawi lulun, Ojo 
2404,Ñawi millma, Pestaña 
2405,Ñawi pata millma, Ceja 
2406,Ñawirina- killkakatina, Leer. 
2407,Ñawirina- killkakatina (Taller B), Leer 
2408,Ñawpa, Delante tiempo: 
2409,Ñawpa kawsay pacha, Eras Antiguas 
2410,Ñawpa pachak-watakuna, largos siglos 
2411,Ñawpa uma tullu, Hueso frontal del cráneo 
2412,Ñawpak, Principales 
2413,Ñawpakawsay imarikuchi kunakamay, Vestigios Arqueológicos 
2414,Ñawpakawsayimarikuchi kunakamay, Vestigios arqueológicos 
2415,Ñawpana, Adelantar 
2416,Ñawpanchina, Promover. 
2417,Ñawpanchina (W), Promover 
2418,Ñawpapacha, Paleolítico 
2419,Ñawparimay, Mito- cuento- leyenda 
2420,Ñaña, Hermana entre hermanas 
2421,Ñañakay, hermandad entre mujeres 
2422,Ñañu, Delgado 
2423,Ñañu chunchulli, Intestino delgado 
2424,Ñuka, Yo- mio- mia 
2425,Ñukanchik, Nosotras - Nosotros 
2426,Ñukanchikpa, Nuestro- nuestra 
2427,Ñukapa Yuyaymanta, De mi consideración 
2428,Ñukik, sensual 
2429,ñunu, leche 
2430,ñutalla, Sutil 
2431,ñutku, Seso 
2432,Ñutu- amuk, Suave- blando 
2433,Ñutuñachina, Ablandar 
